timestamp,v4_prefixes,v4_unique_prefixes,v6_prefixes,v6_unique_prefixes,v4_isolated,v6_isolated,v4_distributed,v6_distributed
2011-01-21,2087543,365837,25497,4652,2488,26,92,2
2011-01-23,2088030,365863,25532,4657,2502,28,91,2
2011-01-25,2089754,366139,25600,4668,2483,29,84,2
2011-01-27,2090796,366063,25860,4727,2385,31,93,2
2011-01-29,2076474,363761,26103,4799,2938,34,93,2
2011-01-31,2081634,363851,26094,4785,2384,27,93,2
2011-02-02,2083469,364205,26082,4779,2329,23,89,2
2011-02-04,2102372,367461,26350,4831,2370,22,89,2
2011-02-06,2105565,368095,26565,4861,2403,24,91,2
2011-02-08,2107326,368406,26604,4870,2415,30,89,2
2011-02-10,2110646,368907,26905,4918,2431,25,86,2
2011-02-12,2113218,369617,27413,5009,2359,27,88,2
2011-02-14,2113409,369704,27394,5004,2341,27,87,2
2011-02-16,2113933,369986,27570,5053,2356,22,87,2
2011-02-18,2119538,371492,27973,5129,2346,23,89,2
2011-02-20,2120588,371834,28085,5150,2325,24,90,2
2011-02-22,2121803,372333,28112,5159,2328,21,89,2
2011-02-24,2125400,373204,28481,5219,2376,23,90,2
2011-02-26,2127017,373970,28718,5238,2365,25,96,2
2011-02-28,2126567,374207,28841,5256,2352,25,96,2
2011-03-02,2130422,376004,29412,5334,2443,25,88,2
2011-03-04,2131807,376394,29444,5386,2364,22,85,2
2011-03-06,2138058,379290,29592,5396,2360,24,80,2
2011-03-08,2140359,379963,29355,5336,2332,24,81,2
2011-03-10,2137224,375737,29612,5375,2359,29,79,2
2011-03-12,2138802,376373,30065,5430,2337,26,69,2
2011-03-14,2142292,377046,30168,5448,2338,26,70,2
2011-03-16,2141890,377037,30237,5450,2360,28,71,2
2011-03-18,2494999,380080,35443,5544,2320,25,71,2
2011-03-20,2140598,379675,30587,5522,2381,25,74,2
2011-03-22,2495829,380179,35931,5725,2378,26,74,2
2011-03-24,2497769,380563,36326,6023,2389,29,71,2
2011-03-26,2501962,381418,36428,6079,2454,32,72,2
2011-03-28,2502255,381415,36323,6068,2441,31,70,2
2011-03-30,2503215,381716,36627,6098,2520,28,36,2
2011-04-01,2505116,382270,36021,5629,2542,30,34,2
2011-04-03,2506209,383705,36145,5652,2576,30,35,3
2011-04-05,2505425,382990,36223,5681,2532,30,37,3
2011-04-07,2143378,374540,36721,5778,2190,30,21,3
2011-04-09,2145104,374664,37032,5807,2243,29,20,3
2011-04-11,2509907,381933,37023,5807,2568,29,27,3
2011-04-13,2509924,382010,37126,5832,2568,27,36,3
2011-04-15,2519745,383363,37419,5880,2598,30,35,3
2011-04-17,2520229,383608,37321,5862,2595,30,35,3
2011-04-19,2523851,384193,37471,5885,2648,30,35,3
2011-04-21,2526189,384379,37738,5913,2426,31,35,3
2011-04-23,2530694,385027,37924,5942,2462,29,35,3
2011-04-25,2531639,385339,37923,5936,2594,29,34,3
2011-04-27,2533287,385541,38564,6041,2627,30,35,3
2011-04-29,2534281,386193,39061,6110,2593,31,35,3
2011-05-01,2533858,386158,39171,6124,2558,30,35,3
2011-05-03,2536235,386518,39216,6133,2617,32,35,3
2011-05-05,2540575,387416,39612,6181,2637,31,35,3
2011-05-07,2535686,385347,39844,6209,2613,31,34,3
2011-05-09,2903889,391279,45566,6226,2641,30,39,3
2011-05-11,2537816,385786,40283,6288,2624,33,38,3
2011-05-13,2535573,384960,40455,6309,2644,35,38,3
2011-05-15,2537075,385137,40613,6331,3031,31,37,3
2011-05-17,2537828,385014,40681,6348,3011,31,37,3
2011-05-19,2540870,385460,41072,6410,3019,31,35,3
2011-05-21,2542154,385837,41481,6486,3039,30,37,3
2011-05-23,2543590,386054,41485,6481,3052,31,37,3
2011-05-25,2543194,386067,41651,6516,3004,33,36,3
2011-05-27,2545800,386638,42359,6619,2991,33,36,3
2011-05-29,2546765,386719,42531,6603,2996,36,37,3
2011-05-31,2547680,386754,42707,6829,2991,36,37,3
2011-06-02,2549560,387241,42957,6697,2996,39,37,3
2011-06-04,2919842,393746,49257,6764,3002,45,37,3
2011-06-06,2917067,393236,49367,6776,3020,43,35,3
2011-06-08,2924034,395785,50001,6850,3056,40,35,3
2011-06-10,2925337,396046,50749,6915,3047,41,35,3
2011-06-12,2929628,396733,50924,6948,3017,41,36,3
2011-06-14,2930351,396846,50818,6930,2991,39,64,3
2011-06-16,3091224,416405,51021,6986,2972,41,53,3
2011-06-18,2934577,398165,51270,7012,2969,41,55,3
2011-06-20,2939103,398399,51271,7023,2974,41,54,3
2011-06-22,2940880,398848,51598,7069,3003,40,59,3
2011-06-24,2943306,399155,51871,7071,3075,42,59,3
2011-06-26,2938551,395210,52019,7082,3560,42,59,3
2011-06-28,2947374,399853,52139,7082,3250,42,60,3
2011-06-30,2954833,400811,52305,7109,3227,44,61,3
2011-07-02,2968856,401322,52529,7139,3259,43,61,3
2011-07-04,2967471,401044,52621,7148,3254,41,61,3
2011-07-06,2953347,396925,52694,7153,3242,42,63,3
2011-07-08,2953440,397305,53014,7199,3251,44,56,3
2011-07-10,2956204,398136,53117,7214,3242,42,57,3
2011-07-12,2955587,397484,53205,7231,3182,42,59,3
2011-07-14,2954237,398115,53500,7256,3160,40,58,3
2011-07-16,2583750,398606,46616,7030,3170,38,58,3
2011-07-18,2584574,398265,46864,7062,3150,39,58,3
2011-07-20,2964326,399378,54341,7355,3229,42,59,3
2011-07-22,6245828,401035,115894,7376,3237,44,58,3
2011-07-24,2971777,401054,54479,7353,2779,40,60,3
2011-07-26,2972797,401312,54617,7384,2839,41,60,3
2011-07-28,2977535,402492,54831,7397,2816,42,59,3
2011-07-30,2984649,403156,55035,7444,2817,45,56,3
2011-08-01,2981417,402672,54985,7439,2816,46,58,3
2011-08-03,2986654,403061,55279,7473,2870,47,56,3
2011-08-05,2988624,403553,55338,7493,2778,45,58,3
2011-08-07,2989998,403642,55363,7493,2761,46,59,3
2011-08-09,2992356,404331,54922,7439,2729,46,58,3
2011-08-11,2999235,405337,55571,7507,2794,47,59,3
2011-08-13,2997587,404375,55823,7547,2798,45,59,3
2011-08-15,2997457,404508,55899,7548,2639,45,59,3
2011-08-17,3001444,405104,56678,7627,2601,45,58,3
2011-08-19,3004406,405749,56118,7611,2656,50,59,3
2011-08-21,3005601,405916,56128,7553,2653,45,59,3
2011-08-23,3004984,406091,56744,7643,2692,45,59,3
2011-08-25,3010739,406952,56838,7651,2701,46,59,3
2011-08-27,3013167,407438,56962,7678,2892,45,63,3
2011-08-29,3011118,407160,56937,7675,2903,46,61,3
2011-08-31,3015612,407862,56703,7692,2890,47,63,3
2011-09-02,3016352,407719,57009,7738,2875,47,69,3
2011-09-04,3018400,407508,56653,7647,2878,45,69,3
2011-09-06,3019417,407789,56631,7651,2926,44,70,3
2011-09-08,3020757,408329,56800,7665,2871,43,65,3
2011-09-10,3024902,408920,56409,7572,2883,43,62,3
2011-09-12,3019565,405629,56757,7658,2883,43,65,3
2011-09-14,3020680,405970,56945,7672,2972,47,64,3
2011-09-16,3022696,406182,56991,7684,2994,40,67,3
2011-09-18,3026795,406760,57130,7705,2914,40,65,3
2011-09-20,3029009,407161,57046,7691,2948,39,70,3
2011-09-22,3039395,409172,57305,7725,2948,40,65,3
2011-09-24,3041813,409021,57631,7761,2943,43,64,3
2011-09-26,3045864,409605,57601,7749,2937,45,66,3
2011-09-28,3048010,410001,57746,7772,2903,47,66,3
2011-09-30,3055181,411534,57880,7786,2951,50,65,3
2011-10-02,3060260,412285,58030,7804,2937,51,66,3
2011-10-04,3062937,412721,51966,7814,2899,51,36,3
2011-10-06,3067493,413925,58179,7829,2892,51,63,3
2011-10-08,3069976,414421,58423,7860,2934,49,65,3
2011-10-10,3068450,414708,58352,7848,2900,48,64,3
2011-10-12,3073278,415762,58485,7866,2961,50,67,3
2011-10-14,3080587,417248,58713,7911,2974,53,67,3
2011-10-16,3087572,418521,58900,7923,2989,52,68,3
2011-10-18,3093574,419506,59110,7946,2998,49,67,3
2011-10-20,3096590,420783,59357,7986,3096,50,68,3
2011-10-22,3103777,423191,59450,8012,3122,50,68,3
2011-10-24,3111332,423143,59443,8011,3088,49,67,3
2011-10-26,3115504,423936,59394,8010,3135,46,68,3
2011-10-28,3100243,421909,59487,8030,3140,46,69,3
2011-10-30,3083994,415402,59609,8024,3086,46,71,3
2011-11-01,3107500,423565,59604,8042,3211,48,69,3
2011-11-03,3113395,424520,59783,8066,3197,46,69,3
2011-11-05,3120804,426815,59937,8065,3216,48,69,3
2011-11-07,3119961,426669,59928,8083,3139,48,67,3
2011-11-09,3126306,428036,60048,8100,3472,49,68,3
2011-11-11,3125617,428006,60217,8127,3215,50,67,3
2011-11-13,3124415,428246,59495,8100,3112,48,65,3
2011-11-15,3131910,429227,60640,8170,3256,51,68,3
2011-11-17,3108985,418617,60778,8164,3178,49,66,3
2011-11-19,3140114,430705,60574,8158,3211,51,67,3
2011-11-21,3140602,430986,60548,8153,3179,49,67,3
2011-11-23,3145702,432080,60662,8163,3108,50,67,3
2011-11-25,3123407,420558,60885,8203,3137,50,67,3
2011-11-27,3123762,420501,60862,8198,3170,54,67,3
2011-11-29,3123708,420732,60873,8205,3270,54,68,3
2011-12-01,3125805,421794,61057,8222,3212,53,68,3
2011-12-03,3129091,422307,61389,8272,3165,52,69,3
2011-12-05,3129838,422522,61354,8266,3173,54,67,3
2011-12-07,3131733,422899,61476,8287,3246,51,69,3
2011-12-09,3138820,424314,61760,8315,3263,50,68,3
2011-12-11,3140523,425169,61844,8321,3185,53,67,3
2011-12-13,3141820,424674,61871,8323,3201,48,66,3
2011-12-15,3156030,426548,62084,8350,3217,51,67,3
2011-12-17,3161691,428111,62221,8368,3254,51,39,3
2011-12-19,3164093,428683,62224,8367,3323,52,39,3
2011-12-21,3161752,428700,61975,8360,3253,52,41,3
2011-12-23,3164289,429181,62291,8390,3210,52,35,3
2011-12-25,3164622,428898,61118,8268,3266,50,35,3
2011-12-27,3160507,428436,62195,8371,3350,53,34,3
2011-12-29,3162220,426145,62282,8378,3328,54,34,3
2011-12-31,3164626,426768,61759,8307,3333,53,34,3
2012-01-02,3162358,426175,61594,8278,3304,53,34,3
2012-01-04,3165569,426885,61771,8319,3331,52,33,3
2012-01-06,3169725,426606,62205,8351,3360,48,34,3
2012-01-08,3168806,426831,61909,8341,3421,50,34,2
2012-01-10,3179268,431371,62050,8361,3425,52,34,2
2012-01-12,3188252,432819,61932,8346,3419,51,36,2
2012-01-14,3194727,433911,62083,8362,3441,55,34,2
2012-01-16,3197631,434520,62015,8343,3473,53,34,2
2012-01-18,3187224,428693,62211,8383,3423,57,34,2
2012-01-20,3199921,430511,62289,8402,3442,56,35,2
2012-01-22,3201604,430822,62332,8395,3422,58,35,2
2012-01-24,3202682,430699,62536,8428,3425,60,36,2
2012-01-26,2814812,431403,54906,8433,3466,58,36,2
2012-01-28,3206608,431481,62817,8455,3396,60,38,2
2012-01-30,3203893,431106,62953,8474,3374,60,37,2
2012-02-01,3214635,432517,63433,8568,3398,60,37,2
2012-02-03,3224126,434091,63419,8574,3482,60,35,2
2012-02-05,3624846,451050,71302,8577,3449,59,35,2
2012-02-07,3632984,451889,71383,8576,3579,56,37,2
2012-02-09,3637651,451762,71743,8626,3615,58,38,2
2012-02-11,3642481,452374,72198,8668,3653,58,35,2
2012-02-13,3645478,454709,72079,8646,3579,58,35,2
2012-02-15,3653011,455197,72354,8702,3547,55,36,2
2012-02-17,3647460,454029,72466,8712,3616,56,35,2
2012-02-19,3647496,455903,72573,8722,3582,56,34,2
2012-02-21,3646554,454206,72676,8729,3590,58,37,2
2012-02-23,3654671,455891,72968,8770,3586,58,37,2
2012-02-25,3654049,455641,73020,8779,3576,60,41,2
2012-02-27,3654541,456417,73065,8780,3576,60,36,2
2012-02-29,3656677,454708,73301,8821,3589,60,37,2
2012-03-02,3658373,454549,73668,8867,3612,59,40,2
2012-03-04,3662164,454822,73862,8874,3646,59,37,2
2012-03-06,3664635,455808,73939,8882,3484,60,37,2
2012-03-08,3667345,454307,74356,8930,3541,60,34,2
2012-03-10,3668461,454016,74630,8953,3548,61,36,2
2012-03-12,3669470,456843,74657,8955,3498,60,38,2
2012-03-14,3675463,456686,74696,8968,4189,60,36,2
2012-03-16,3676652,456659,74913,9005,3443,58,32,2
2012-03-18,3678540,457341,75313,9335,3464,60,32,2
2012-03-20,3681823,458036,75468,9363,3486,60,36,2
2012-03-22,3688856,458074,75734,9403,3419,59,35,2
2012-03-24,3695705,458896,75935,9424,3366,60,32,2
2012-03-26,3705880,459777,75969,9431,3413,61,33,2
2012-03-28,3701196,458244,76140,9447,3445,61,31,2
2012-03-30,3714648,459985,76155,9458,3487,59,32,2
2012-04-01,3717888,460752,76506,9474,3549,55,33,2
2012-04-03,3715829,459487,76725,9486,3488,56,37,2
2012-04-05,3725044,462762,77135,9909,3526,57,35,2
2012-04-07,3729852,463293,77217,9819,3522,60,34,2
2012-04-09,3731960,464377,77207,9828,3527,60,34,2
2012-04-11,3736142,463748,77378,9853,3542,58,35,2
2012-04-13,3738606,462441,77460,9596,3543,59,34,2
2012-04-15,3741311,463107,77438,9601,3626,59,34,2
2012-04-17,3741545,464700,77636,9614,3662,64,36,2
2012-04-19,3751367,464897,77713,9481,3625,62,36,2
2012-04-21,3752645,465421,77977,9521,3534,64,37,2
2012-04-23,3753430,467745,77792,9454,3539,61,36,3
2012-04-25,3758229,466592,78456,9615,3564,62,35,3
2012-04-27,3749157,460283,78899,9703,3551,69,39,3
2012-04-29,3749014,462648,79071,9744,3595,69,38,3
2012-05-01,3753727,461723,79267,9772,3668,70,38,3
2012-05-03,3752539,462110,79753,9837,3597,71,37,3
2012-05-05,3747123,463442,80055,9875,3595,70,37,3
2012-05-07,3746219,463209,80118,9899,3602,71,37,3
2012-05-09,3740745,464906,80632,9944,3565,70,37,3
2012-05-11,3742538,461892,81152,10025,3899,66,39,3
2012-05-13,3749390,463180,80785,9856,3840,65,39,3
2012-05-15,3766286,469744,81131,9834,3757,69,39,2
2012-05-17,3771441,469229,81558,9901,3934,70,40,2
2012-05-19,3783524,470752,82131,9968,3848,73,39,2
2012-05-21,3786190,471513,82113,9962,3825,72,39,2
2012-05-23,3790906,471592,82688,10041,3833,74,40,2
2012-05-25,3802434,472020,82789,10022,3902,73,39,3
2012-05-27,3797033,472042,82949,10072,3760,67,36,2
2012-05-29,3802991,470684,83302,10098,3825,67,36,2
2012-05-31,3807619,472319,83871,10227,3834,69,37,2
2012-06-02,3807358,473277,84187,10296,3832,68,37,2
2012-06-04,3807903,474601,84272,10325,3833,68,35,2
2012-06-06,3813072,472187,84688,10314,3794,70,36,2
2012-06-08,3394323,471220,75683,10361,3714,68,33,2
2012-06-10,3818916,477357,85758,10324,3784,63,34,2
2012-06-12,3818689,476931,85844,10456,3756,84,34,2
2012-06-14,3813147,476061,86137,10491,3389,84,34,2
2012-06-16,3812271,469614,86276,10476,3358,84,28,2
2012-06-18,3822157,477864,86319,10460,3542,84,29,2
2012-06-20,3822744,478217,86413,10474,3476,83,29,2
2012-06-22,3829824,479146,86806,10422,3531,67,32,2
2012-06-24,3832864,480228,87231,10468,3544,73,35,2
2012-06-26,3833079,479124,87341,10584,3547,90,35,2
2012-06-28,3833360,479939,87551,10607,3721,88,33,2
2012-06-30,3833417,480827,87540,10587,3681,74,33,2
2012-07-02,3834938,482184,87369,10564,3588,76,34,2
2012-07-04,3840540,482404,87711,10626,3575,76,33,2
2012-07-06,3844185,482592,87607,10634,3539,76,33,2
2012-07-08,3843785,481680,87590,10645,3441,76,31,2
2012-07-10,3842757,481567,87981,10648,3525,75,32,2
2012-07-12,3828156,478257,87965,10669,3571,82,32,2
2012-07-14,3844707,481361,88383,10736,3586,83,34,2
2012-07-16,3849448,483525,88473,10730,3566,85,31,2
2012-07-18,3855045,484606,88439,10754,3591,88,32,2
2012-07-20,3860094,486194,88936,10793,3559,82,31,2
2012-07-22,6009755,485971,138956,10809,3566,81,31,3
2012-07-24,3859863,484014,89288,10827,3559,84,31,3
2012-07-26,3869455,487212,89605,10880,3502,88,31,3
2012-07-28,3877327,488511,89911,10904,3492,85,33,3
2012-07-30,3860067,473087,89908,10884,3362,90,32,3
2012-08-01,3867499,474916,89678,10868,3485,90,33,3
2012-08-03,3872739,476000,89865,10886,3486,90,33,3
2012-08-05,3871574,476505,89870,10917,3453,91,33,3
2012-08-07,3875927,478217,90072,10948,3455,92,33,3
2012-08-09,3877074,473911,90405,11017,3502,93,33,2
2012-08-11,3887768,476338,90644,11040,3454,95,34,2
2012-08-13,3883852,476137,90348,11044,3315,94,34,2
2012-08-15,3909673,491431,90807,11098,3803,95,35,2
2012-08-17,3904914,489286,91318,11149,3925,96,43,2
2012-08-19,3905083,488682,101251,11090,4479,96,43,2
2012-08-21,3903864,486361,101318,11115,3908,99,43,2
2012-08-23,3907134,490575,101863,11195,3849,99,44,2
2012-08-25,3903073,486249,102248,11252,3986,102,38,2
2012-08-27,3906299,487160,102405,11275,4101,103,38,2
2012-08-29,3911526,487423,102844,11342,4032,102,40,2
2012-08-31,3921836,488640,103029,11389,3778,102,41,2
2012-09-02,3920215,487735,103118,11357,3991,98,42,2
2012-09-04,3919756,487898,103331,11355,4010,96,42,2
2012-09-06,3922909,487212,103737,11569,3997,96,42,2
2012-09-08,3927621,487501,103291,11369,4015,103,41,2
2012-09-10,3933379,489070,103594,11371,4054,105,38,2
2012-09-12,3938857,489032,103965,11427,4024,107,37,2
2012-09-14,3936562,488493,94241,11471,4048,101,37,2
2012-09-16,3944037,488365,104673,11489,3993,102,36,2
2012-09-18,3946996,489185,104760,11511,3977,102,37,2
2012-09-20,3952918,491882,104977,11530,4488,104,37,2
2012-09-22,3973529,500280,105635,11615,4748,103,38,3
2012-09-24,3993987,509339,105735,11636,5075,101,39,3
2012-09-26,3958341,490798,106010,11682,4339,110,38,3
2012-09-28,3959308,491497,106346,11744,4595,111,35,3
2012-09-30,3959379,491585,106119,11722,4624,111,36,2
2012-10-02,3955209,492565,106335,11753,4575,115,36,2
2012-10-04,3952878,491303,106256,11810,4568,114,37,2
2012-10-06,3952974,491098,106560,11854,4450,113,38,2
2012-10-08,3955000,491493,106512,11861,4335,113,38,2
2012-10-10,3955921,491323,107059,11908,4432,112,38,3
2012-10-12,3958331,492888,107398,11876,4552,113,40,2
2012-10-14,3961438,494307,107071,11483,4392,114,38,2
2012-10-16,3959361,493865,107207,11509,4414,114,39,2
2012-10-18,3959466,491296,107410,11583,4506,115,45,2
2012-10-20,3956334,486843,107863,11653,4357,108,45,9
2012-10-22,3963330,493186,107871,11665,4225,107,45,9
2012-10-24,3965770,491185,108152,11725,4340,103,46,9
2012-10-26,3961299,490055,108483,11804,4512,106,42,9
2012-10-28,3969155,494716,108977,11987,4725,107,42,9
2012-10-30,3966134,494714,109053,12024,4690,108,42,9
2012-11-01,3523460,492903,98220,12070,4541,95,39,9
2012-11-03,3969675,494564,110986,12252,4656,105,42,9
2012-11-05,3974121,495504,111198,12272,4710,105,42,9
2012-11-07,3976353,495584,111636,12357,3998,105,40,9
2012-11-09,3964519,481670,110677,12429,3811,107,40,9
2012-11-11,3969567,485514,111869,12760,3933,104,41,9
2012-11-13,3972129,482675,112044,12799,3917,104,41,9
2012-11-15,3987170,483521,112452,12869,3721,107,45,9
2012-11-17,3984196,486305,112652,12918,4167,113,34,9
2012-11-19,3985529,485833,112797,12930,5114,114,33,9
2012-11-21,4412372,483372,112556,12539,4955,113,33,9
2012-11-23,4418181,483743,113429,12607,4958,118,28,9
2012-11-25,4421046,483390,113360,12629,4704,119,31,9
2012-11-27,4424225,483779,113521,12636,5010,121,33,9
2012-11-29,4424695,483610,113726,12678,5060,123,32,9
2012-12-01,4422998,483601,113741,12597,5105,123,34,9
2012-12-03,4426789,483583,113961,12621,5173,123,34,9
2012-12-05,4436734,484953,114320,12672,5067,123,31,9
2012-12-07,4442570,485740,114723,12731,5199,124,29,9
2012-12-09,4451805,487411,115230,12778,5210,123,31,9
2012-12-11,4453373,487701,115614,12815,5200,122,32,9
2012-12-13,4459483,487135,115974,12936,5094,120,31,9
2012-12-15,4462718,487557,116506,13029,5093,126,30,9
2012-12-17,4464138,487775,116540,13044,5134,128,30,9
2012-12-19,4468324,488351,116621,13071,5156,123,27,9
2012-12-21,4468526,488273,117103,13121,5154,128,28,9
2012-12-23,4471092,488277,117262,13138,4060,126,28,9
2012-12-25,4471746,487970,117193,13142,4102,130,26,9
2012-12-27,4473291,488407,117258,13149,4164,134,27,9
2012-12-29,4475397,488535,117272,13208,4166,129,26,9
2012-12-31,4469340,487956,117443,13213,4119,133,26,9
2013-01-02,4475865,488708,116804,12893,4154,133,26,9
2013-01-04,4474769,488574,116953,12920,4155,133,27,9
2013-01-06,4472703,488841,116721,12924,4162,132,27,9
2013-01-08,4469021,489081,117375,12961,4964,135,27,9
2013-01-10,4469182,487395,118067,13034,4993,141,29,10
2013-01-12,4473869,487644,118313,13130,5032,141,24,9
2013-01-14,4475031,487925,118367,13139,5056,148,26,2
2013-01-16,4465803,486921,118858,13200,5024,149,24,2
2013-01-18,4481582,488793,119328,13263,5019,141,26,10
2013-01-20,4488110,489656,118964,13180,4994,134,25,10
2013-01-22,4488764,489742,119194,13191,4973,136,27,10
2013-01-24,4494257,490341,119402,13234,4877,134,27,10
2013-01-26,4499471,489983,119875,13280,4868,136,28,9
2013-01-28,4501889,490717,119973,13299,4862,137,29,9
2013-01-30,4054298,494603,109233,13166,3793,142,29,9
2013-02-01,4502808,496998,121674,13542,5039,139,29,9
2013-02-03,4508459,491922,120801,13569,4989,150,30,2
2013-02-05,4515748,492217,120889,13583,5057,146,30,2
2013-02-07,4504796,491742,121210,13628,5112,146,29,2
2013-02-09,4518494,493038,122065,13714,5150,144,29,6
2013-02-11,4518920,492928,121894,13717,5107,146,29,2
2013-02-13,4510196,492330,122183,13756,5021,146,28,2
2013-02-15,4519369,493432,122436,13794,5167,152,29,2
2013-02-17,4517860,493129,122472,13800,5226,151,32,2
2013-02-19,4529567,496786,122853,13838,5269,150,32,2
2013-02-21,4538218,498274,122960,13875,5180,145,30,2
2013-02-23,4539329,497641,123279,13885,5255,149,33,2
2013-02-25,4539087,497668,123255,13898,5265,152,32,2
2013-02-27,4540429,495151,123093,13924,5289,178,32,2
2013-03-01,4540051,498746,123651,14108,16414,480,45,2
2013-03-03,4550310,499084,123906,14104,5447,177,36,2
2013-03-05,4550837,498296,124003,14130,5016,177,34,2
2013-03-07,4551672,497844,123512,13606,5122,183,33,2
2013-03-09,4095064,497931,111313,13419,4058,186,32,2
2013-03-11,7305493,498602,199252,13669,5170,188,32,2
2013-03-13,4555918,499336,124186,13696,5090,189,32,2
2013-03-15,4559214,499823,124796,13792,5121,187,29,2
2013-03-17,4563969,501018,124998,13721,5110,183,29,2
2013-03-19,4571011,502507,125139,13751,5157,178,31,2
2013-03-21,4570301,506278,125622,13781,5103,177,30,2
2013-03-23,4578500,506702,125628,13817,5122,173,40,8
2013-03-25,4578913,502198,125313,13767,5149,174,40,8
2013-03-27,4582359,502147,125650,13848,5015,176,37,8
2013-03-29,4579019,502188,125997,13907,5027,173,38,8
2013-03-31,4577726,502128,126528,13967,5028,174,42,8
2013-04-02,4585071,499682,126363,13778,5011,171,43,8
2013-04-04,4600571,504904,126636,13954,5070,170,42,8
2013-04-06,4607956,505850,126641,13969,5132,172,42,8
2013-04-08,4608718,505881,126712,13974,5080,174,42,8
2013-04-10,4608624,505619,126967,14018,5086,175,44,8
2013-04-12,4620482,507367,127173,14054,5124,176,44,8
2013-04-14,4624667,508004,127750,14107,5157,177,42,8
2013-04-16,4626422,508512,127497,14081,5167,173,42,8
2013-04-18,4620259,507408,127715,14108,5234,182,47,8
2013-04-20,4162525,507094,116262,14187,5221,183,49,9
2013-04-22,4624769,507798,128879,14221,5069,182,56,9
2013-04-24,4631222,510910,129468,14294,5195,185,46,9
2013-04-26,4627869,511567,129803,14340,5211,188,54,8
2013-04-28,4642897,513004,130174,14372,5171,190,52,10
2013-04-30,4648668,513447,130264,14384,5188,187,57,12
2013-05-02,4651242,513820,130101,14393,5345,189,60,12
2013-05-04,4652008,513582,130711,14414,5363,186,56,11
2013-05-06,4657808,514160,130546,14435,5371,185,56,11
2013-05-08,4665971,517327,130952,14442,5256,184,57,9
2013-05-10,4667470,515963,131351,14468,5173,184,56,9
2013-05-12,4669488,516577,131502,14497,5279,184,59,10
2013-05-14,4665629,515876,131485,14542,5301,187,61,11
2013-05-16,4672759,516702,131928,14587,5419,196,63,11
2013-05-18,4676392,517503,132144,14617,5469,190,63,14
2013-05-20,4675094,516619,132193,14611,5462,191,62,13
2013-05-22,4673840,515074,132324,14626,6110,188,65,13
2013-05-24,4677843,516207,131925,14540,5956,188,68,13
2013-05-26,4681423,516843,132017,14554,5970,188,70,13
2013-05-28,4679082,517627,132410,14578,5892,187,70,13
2013-05-30,4677955,517573,132821,14618,6337,193,69,13
2013-06-01,4669325,515860,132949,14656,5101,193,69,13
2013-06-03,4679888,516048,133472,14802,5151,190,67,13
2013-06-05,4674162,516574,133748,14847,5357,193,66,13
2013-06-07,4686157,517790,134342,14917,4092,191,60,12
2013-06-09,4680087,517143,134223,14900,4150,195,62,12
2013-06-11,4685749,517791,134153,14908,4168,195,58,12
2013-06-13,4693098,517646,121762,14934,4183,191,59,12
2013-06-15,4698475,519291,121912,14939,4152,193,59,12
2013-06-17,4700127,519597,121989,14956,4152,193,61,12
2013-06-19,4699960,520867,121998,14956,4282,206,61,11
2013-06-21,4702375,520815,122381,15000,4226,209,64,11
2013-06-23,4712409,521901,122538,15015,4212,208,63,11
2013-06-25,4706522,521321,122706,15038,4164,207,63,11
2013-06-27,4710357,521769,122785,15024,4256,209,65,11
2013-06-29,4715348,523268,123218,15079,4266,209,89,11
2013-07-01,4703522,522338,122910,15071,4258,211,77,11
2013-07-03,6146393,522739,165001,15081,4271,215,77,11
2013-07-05,4716610,523129,123354,14844,4053,213,75,10
2013-07-07,4726768,523932,123636,14867,4109,214,76,10
2013-07-09,4727914,523887,123712,14864,4384,216,75,10
2013-07-11,4729201,522602,123980,14925,4362,216,79,9
2013-07-13,4732115,522236,123906,14939,4327,217,80,12
2013-07-15,4734059,522466,123875,14929,4318,221,80,12
2013-07-17,4737531,522210,123995,14924,4442,219,80,11
2013-07-19,4738546,522464,124215,14951,4257,214,83,13
2013-07-21,4742386,523964,124656,14916,4232,181,82,13
2013-07-23,4748561,524893,124733,14924,4235,177,78,13
2013-07-25,4752101,524148,125068,14934,4162,210,78,13
2013-07-27,4753353,524561,125375,15071,4191,210,80,13
2013-07-29,4752228,523487,125300,15057,3941,211,70,13
2013-07-31,4760718,525662,125213,15127,4161,178,99,13
2013-08-02,4769751,526966,125178,15003,4357,178,97,13
2013-08-04,4774103,527027,125042,14982,4308,180,111,13
2013-08-06,4777460,527582,125421,15040,4105,178,110,13
2013-08-08,4785373,527861,126281,15252,4080,180,109,14
2013-08-10,4776789,528408,126500,15231,4045,181,127,13
2013-08-12,4778037,528246,126758,15432,4049,181,114,13
2013-08-14,5245614,528269,140649,15495,5251,180,116,13
2013-08-16,5254527,529172,140786,15552,5318,182,116,13
2013-08-18,5249883,529937,140960,15526,5292,181,116,13
2013-08-20,5256637,528781,141114,15585,5435,172,115,13
2013-08-22,5249796,530444,141263,15647,5421,172,116,13
2013-08-24,5265726,531535,142019,15736,5354,162,115,13
2013-08-26,5267536,532043,142411,15778,5312,160,112,13
2013-08-28,5278542,532588,143046,15884,5290,163,112,13
2013-08-30,5283394,535263,143731,15970,5371,161,111,13
2013-09-01,5268620,529680,143537,15939,5307,164,111,13
2013-09-03,5275096,529426,144065,15957,5368,165,97,13
2013-09-05,5284962,530674,144617,16025,6092,168,110,13
2013-09-07,5289975,530811,144818,16076,6035,175,110,13
2013-09-09,5289826,530564,144380,15774,6004,167,103,13
2013-09-11,5297476,531841,144998,15849,6029,169,94,13
2013-09-13,5294477,531237,145660,15936,5285,207,91,12
2013-09-15,5298094,531419,145814,15947,5488,211,91,12
2013-09-17,5298342,530879,145921,15971,5450,213,88,13
2013-09-19,5307132,533160,147064,16554,5468,214,87,13
2013-09-21,5308870,533531,147713,16623,5375,214,84,14
2013-09-23,5304978,530537,147567,16635,5384,213,83,14
2013-09-25,5310291,531244,148025,16767,5367,229,83,15
2013-09-27,5313937,531732,148083,16774,5448,222,57,15
2013-09-29,5315810,531702,148698,16849,5428,224,82,14
2013-10-01,5300716,531881,148265,16810,5454,227,82,14
2013-10-03,5330734,532601,162696,16642,5435,225,84,14
2013-10-05,5333151,532630,163601,16690,5467,234,85,14
2013-10-07,5335839,533375,163913,16993,5537,230,86,14
2013-10-09,5336844,533131,164134,17015,5557,231,86,14
2013-10-11,5347012,534006,164850,17095,6273,233,89,14
2013-10-13,5339412,533207,164930,16805,6387,230,88,14
2013-10-15,4871739,532880,164679,16774,6351,223,86,14
2013-10-17,5342639,533239,166058,16917,6373,231,85,13
2013-10-19,5346403,532435,166459,16972,6356,230,90,13
2013-10-21,5347755,532926,166641,16990,6363,230,88,13
2013-10-23,5345165,531308,167525,17080,6336,234,84,13
2013-10-25,5343608,531037,167495,16951,6287,231,89,14
2013-10-27,5333485,529887,167493,16949,6386,225,87,14
2013-10-29,5331625,530312,168996,17051,6448,220,88,15
2013-10-31,5348053,532305,170340,17198,6427,227,90,15
2013-11-02,5352488,531363,170632,17238,5771,233,92,16
2013-11-04,5354769,531517,170766,17258,5768,232,90,16
2013-11-06,5347472,531019,170683,17184,5763,233,90,15
2013-11-08,5356007,531313,171242,17205,5278,233,86,15
2013-11-10,5359480,532232,171258,17189,5379,235,90,15
2013-11-12,5363051,532727,171772,17586,5386,241,90,15
2013-11-14,5387546,535247,172629,17686,5308,238,89,16
2013-11-16,5372876,533692,173185,17767,5304,236,89,16
2013-11-18,5375720,534031,173424,17783,5280,236,89,16
2013-11-20,5377917,533844,173931,17832,5313,242,91,16
2013-11-22,5372482,534782,175167,17930,5133,260,94,15
2013-11-24,5373684,534652,175755,17979,5106,261,91,15
2013-11-26,5379485,535408,175925,18014,5131,265,89,15
2013-11-28,5378345,534736,176177,18000,5148,264,87,15
2013-11-30,5395216,535185,176486,18045,5202,245,86,16
2013-12-02,5388586,534277,176125,18049,5147,243,90,16
2013-12-04,5389123,534995,176048,17857,5196,237,89,15
2013-12-06,5387775,534617,175617,17744,5329,240,90,15
2013-12-08,5392132,535502,175567,17454,5218,235,89,15
2013-12-10,5397826,536058,175859,17455,5194,240,90,15
2013-12-12,5398170,536010,176484,17835,5323,242,89,16
2013-12-14,5439735,555345,176671,17925,5317,243,90,15
2013-12-16,5443284,555758,177218,17992,5321,247,91,15
2013-12-18,5446489,555607,177867,18062,5197,246,91,15
2013-12-20,5393783,534580,177913,18133,5143,245,90,15
2013-12-22,5398632,535092,178383,18181,5086,261,91,15
2013-12-24,5401221,535267,178546,18199,5179,253,92,15
2013-12-26,5407442,535532,178870,18229,5130,254,91,15
2013-12-28,5404597,535513,179136,18268,5104,254,93,14
2013-12-30,5413726,536234,179093,18272,5086,255,94,14
2014-01-01,5401747,535745,178918,18063,5113,258,94,14
2014-01-03,5410727,535752,178836,17895,5091,259,101,14
2014-01-05,5411421,535963,178670,17912,5072,256,103,15
2014-01-07,5412315,536212,178484,18003,5152,259,104,15
2014-01-09,5416779,536812,178325,17966,5083,240,102,15
2014-01-11,5423277,537651,178790,18019,5120,236,109,16
2014-01-13,5424281,536916,178690,18057,5101,235,110,16
2014-01-15,5423294,535502,179211,17852,5095,233,111,16
2014-01-17,5429018,536325,179663,17917,5151,233,108,17
2014-01-19,5426755,535847,180077,18006,5286,230,110,17
2014-01-21,5435662,536946,180055,18003,5292,169,112,17
2014-01-23,5432561,536403,180514,18142,5242,163,112,17
2014-01-25,5443034,538235,180784,18018,5370,165,109,17
2014-01-27,5445917,538460,180741,18012,5377,228,108,16
2014-01-29,5446367,538303,181036,18063,5306,229,81,17
2014-01-31,5451001,538582,181283,18111,5596,230,82,17
2014-02-02,5450526,538419,182103,18222,5708,250,81,17
2014-02-04,5454019,539082,182576,18280,5834,252,81,20
2014-02-06,5459831,540111,182730,18243,5813,249,109,19
2014-02-08,5466310,541055,184215,18311,5899,244,109,19
2014-02-10,5469938,541300,183776,18187,5765,233,109,16
2014-02-12,5475430,542660,183641,18493,5893,231,110,18
2014-02-14,5470609,541045,184329,18596,5928,232,102,18
2014-02-16,5475150,541492,184683,18586,5878,230,104,18
2014-02-18,5482355,542631,185502,18673,5958,230,105,18
2014-02-20,5455468,543738,185983,18782,5938,229,103,18
2014-02-22,5450267,541615,186313,18780,5686,232,104,17
2014-02-24,5450508,541561,186007,18809,5721,231,103,18
2014-02-26,5458765,542086,186337,18821,5805,231,100,19
2014-02-28,5464780,543616,186447,18836,5775,231,101,19
2014-03-02,5464902,546881,186535,18865,5951,236,100,18
2014-03-04,5470879,547394,186453,18763,5950,234,99,18
2014-03-06,5479009,547531,186829,18843,5796,231,100,19
2014-03-08,5478531,547507,187142,18939,5922,237,100,20
2014-03-10,5483315,547969,186964,18928,5912,237,99,20
2014-03-12,5477763,542655,186992,18912,5808,170,102,18
2014-03-14,5490382,546390,188168,18968,6003,234,103,19
2014-03-16,5489518,546601,188345,18973,5968,232,101,19
2014-03-18,5489272,546472,188620,19012,6045,235,104,19
2014-03-20,5494507,546878,189666,19094,6101,239,104,19
2014-03-22,5992203,547909,208283,19306,6098,236,96,19
2014-03-24,5999631,551570,209608,19413,6247,275,96,19
2014-03-26,5992327,544273,208830,19364,6376,281,108,19
2014-03-28,6000444,545038,210076,19533,6346,287,112,20
2014-03-30,6006560,545915,210150,19525,6243,278,109,23
2014-04-01,5984999,541343,209774,19522,6039,243,106,23
2014-04-03,5975615,538236,209717,19443,6339,237,102,23
2014-04-05,6003779,540418,210252,19386,6173,242,102,19
2014-04-07,6004617,540433,209817,19361,5966,241,94,18
2014-04-09,6002855,540296,212811,19409,6096,239,103,20
2014-04-11,6007787,539522,213298,19464,6182,242,103,20
2014-04-13,6005029,539032,213515,19476,6165,173,104,19
2014-04-15,6011683,539578,214208,19548,6164,248,105,20
2014-04-17,6019075,540109,214138,19557,6060,246,109,20
2014-04-19,6021227,540220,214863,19678,6243,247,108,20
2014-04-21,6019324,540154,214766,19680,6237,246,111,20
2014-04-23,6017026,539356,214506,19678,6222,247,109,20
2014-04-25,6035920,545699,214670,19712,6274,250,105,20
2014-04-27,6036678,548025,215952,19792,6336,251,105,20
2014-04-29,6036176,542332,218393,19881,6379,253,107,20
2014-05-01,6033405,542949,220786,20113,6340,252,105,19
2014-05-03,6045733,543848,221847,20189,6378,252,105,19
2014-05-05,6038842,543740,212209,20038,6354,249,105,19
2014-05-07,6062589,553556,212295,20128,6298,253,107,19
2014-05-09,6062741,554361,211817,19526,6294,253,102,18
2014-05-11,6061161,554180,211695,19479,6306,248,100,19
2014-05-13,6066431,554955,211608,19477,6354,250,103,19
2014-05-15,6072513,553872,212369,19565,6119,245,105,18
2014-05-17,6075379,560589,212493,19652,6246,247,106,19
2014-05-19,6077252,559685,212731,19656,6272,247,110,20
2014-05-21,6087675,561102,212436,19645,6318,247,82,19
2014-05-23,6089894,562939,212469,19585,6291,246,84,20
2014-05-25,6087552,562752,214859,19797,6256,253,85,20
2014-05-27,6088669,562896,214389,19733,6321,248,85,20
2014-05-29,6091128,562861,215506,19820,6344,246,81,20
2014-05-31,6104962,563767,215970,19889,6303,252,93,20
2014-06-02,6099189,563388,215600,19869,6237,239,101,20
2014-06-04,6108281,564431,217073,19942,6205,242,102,20
2014-06-06,6152815,565566,216380,19923,6016,237,103,21
2014-06-08,6156189,565776,216421,19847,6048,239,92,21
2014-06-10,6157605,566135,216824,19874,6074,240,106,21
2014-06-12,6630519,563499,218542,19950,7652,242,100,21
2014-06-14,8218499,563886,274005,20042,7807,237,105,21
2014-06-16,8216964,564459,274162,20083,7875,241,106,21
2014-06-18,8217718,564285,275490,20132,6767,241,100,20
2014-06-20,8215478,564484,276211,20121,6587,240,103,21
2014-06-22,8215676,564919,276469,20148,6781,237,101,21
2014-06-24,6678969,566656,221074,20173,6830,235,100,21
2014-06-26,6672553,566117,221792,20259,6729,239,98,21
2014-06-28,6689037,566017,223798,20418,6614,243,102,21
2014-06-30,6678762,565216,223516,20430,6647,244,103,20
2014-07-02,6666049,564547,224226,20518,6613,243,85,19
2014-07-04,6671332,565080,224649,20595,6650,244,98,21
2014-07-06,6685330,565701,224706,20595,6693,243,98,20
2014-07-08,6679863,566219,224864,20628,6672,242,88,18
2014-07-10,6673031,565937,225623,20600,6688,247,104,18
2014-07-12,6686679,566494,225164,20621,6661,246,102,18
2014-07-14,10833637,566780,358532,20640,6654,252,101,18
2014-07-16,10820879,565807,358543,20644,6685,249,100,18
2014-07-18,9800390,566742,321449,20700,6650,253,100,18
2014-07-20,9839773,567395,322318,20759,6611,253,100,18
2014-07-22,9802739,567755,322681,20800,6674,250,101,19
2014-07-24,6695335,568109,227478,20836,6671,253,103,19
2014-07-26,6685397,567189,227950,20816,6721,254,106,18
2014-07-28,6692455,567585,228325,20861,6658,256,96,18
2014-07-30,6695732,568481,229037,20942,6699,258,95,18
2014-08-01,6693160,569211,229114,20963,6859,257,81,18
2014-08-03,6705115,570528,229779,20975,7208,258,79,18
2014-08-05,6701270,568641,229647,20963,7149,256,80,18
2014-08-07,6715607,572813,230198,21052,7132,259,78,18
2014-08-09,6724223,573847,230927,21193,7028,252,72,18
2014-08-11,6724699,574094,230709,21180,7076,254,72,18
2014-08-13,6733057,575504,231130,21232,7015,249,71,18
2014-08-15,6736872,576072,232579,21349,6832,251,74,18
2014-08-17,6230915,575951,213835,21374,6933,260,76,18
2014-08-19,6748012,577509,256075,22786,6947,259,78,18
2014-08-21,6760282,580056,256207,22922,7014,266,79,19
2014-08-23,6747771,579596,258381,23264,6452,261,81,20
2014-08-25,6751696,579654,258558,23423,6447,263,82,20
2014-08-27,6750399,580442,254148,22637,6464,261,84,20
2014-08-29,6764936,581356,254540,22669,6502,264,86,19
2014-08-31,6765763,580725,255078,22723,6565,266,87,19
2014-09-02,6767771,581963,255274,22748,7073,275,85,19
2014-09-04,6764501,580222,255607,22677,6558,275,82,20
2014-09-06,6772482,582151,255750,22705,6657,272,83,20
2014-09-08,6779566,582789,254592,21843,6670,274,84,20
2014-09-10,6775119,584015,254540,21821,6622,267,85,20
2014-09-12,6778922,585512,255442,22010,6820,271,84,22
2014-09-14,6784944,587060,256028,21968,6800,272,87,22
2014-09-16,6237015,569452,235239,21690,6391,257,77,22
2014-09-18,6790539,586097,257287,22184,6847,260,89,22
2014-09-20,6795802,588104,258254,22269,6879,272,88,22
2014-09-22,6799371,588631,258024,22252,6906,185,85,23
2014-09-24,6796439,588277,257980,22281,6876,192,72,22
2014-09-26,6794437,586223,258924,22373,6746,185,85,21
2014-09-28,6786758,585013,258873,22354,6733,176,89,20
2014-09-30,6789481,586281,258890,22367,6837,173,92,21
2014-10-02,6796948,585783,259268,22394,6757,173,106,25
2014-10-04,6806646,586572,259706,22418,6887,174,108,25
2014-10-06,6807064,587060,259720,22428,6809,173,109,24
2014-10-08,6810805,586429,259847,22500,6881,175,110,22
2014-10-10,6813267,584996,260958,23314,6858,177,103,20
2014-10-12,6817617,586818,261023,23317,6986,176,103,20
2014-10-14,6811315,585546,261597,23388,6967,173,118,22
2014-10-16,6814111,583779,262293,22697,6731,179,118,23
2014-10-18,6814236,584568,262942,22705,6766,182,118,23
2014-10-20,6812382,584904,263013,22721,6756,267,118,23
2014-10-22,6821603,584051,263031,22727,6631,274,125,22
2014-10-24,6833647,585608,263115,22629,6732,273,126,22
2014-10-26,6841519,585935,263466,22640,6761,277,144,21
2014-10-28,6838991,585369,263908,22670,6679,276,144,21
2014-10-30,6879765,592954,264734,22745,6646,278,144,21
2014-11-01,6870644,589273,264299,22771,6673,272,154,21
2014-11-03,6876435,588623,264905,22768,6615,270,153,21
2014-11-05,6887773,589019,265602,22816,6524,269,163,21
2014-11-07,6861626,585140,266141,22815,6554,273,168,20
2014-11-09,6864552,585549,266370,22854,6560,276,170,20
2014-11-11,6868102,586102,270317,23158,6637,276,169,22
2014-11-13,6860194,582580,270855,23178,6575,279,169,20
2014-11-15,6863354,582936,272560,23559,6623,277,169,20
2014-11-17,6865020,583001,271342,23479,6650,280,168,20
2014-11-19,6853094,584072,272975,23592,6516,283,164,19
2014-11-21,6860058,588236,272992,23588,6650,288,167,22
2014-11-23,6855589,588073,272122,23486,6754,274,169,22
2014-11-25,6862212,588902,272578,23555,6763,276,162,22
2014-11-27,6866236,585151,273553,23618,6701,287,154,22
2014-11-29,6868641,586154,273268,23534,6764,287,154,23
2014-12-01,6856904,586046,273256,23586,6719,292,155,23
2014-12-03,6865262,586927,274221,23605,6681,286,152,23
2014-12-05,6877489,587978,275256,23649,6872,290,143,22
2014-12-07,6876020,588167,275881,23813,6760,290,159,23
2014-12-09,6867571,583849,275392,23786,6777,290,158,23
2014-12-11,6890765,588662,276705,23838,6776,294,165,22
2014-12-13,6886911,586406,277678,23907,6691,287,153,22
2014-12-15,6889963,586660,277342,23870,6755,287,149,23
2014-12-17,6891006,587261,277968,23932,6627,283,154,23
2014-12-19,6902818,588281,278939,24052,6661,282,155,23
2014-12-21,6909382,588451,278451,24009,6632,284,156,23
2014-12-23,6908394,589018,278180,24108,6616,278,157,23
2014-12-25,6910409,588741,278691,24134,6634,282,159,22
2014-12-27,6912942,589203,278676,24150,6660,277,160,22
2014-12-29,6909478,588960,279141,24186,6644,285,158,22
2014-12-31,6918274,590490,278600,24089,6646,287,156,22
2015-01-02,6912201,590231,278340,23998,6670,284,156,22
2015-01-04,6912741,590048,278606,24024,6657,284,158,22
2015-01-06,6909371,590294,278141,23997,6630,285,158,20
2015-01-08,6919349,591411,278642,24014,6623,285,150,21
2015-01-10,6920906,592149,279041,24026,6572,287,151,21
2015-01-12,6933920,592332,279209,24018,6497,285,150,21
2015-01-14,6937488,594573,279998,24066,6634,281,153,21
2015-01-16,6954462,595060,280714,24111,6725,275,154,22
2015-01-18,6950425,595244,280577,24084,6585,273,155,22
2015-01-20,6415949,579859,258897,23634,6321,183,151,21
2015-01-22,6965870,596785,282002,24216,6678,279,162,21
2015-01-24,6967958,596935,282629,24274,6712,276,160,21
2015-01-26,6969291,600339,282328,24242,6696,273,159,21
2015-01-28,6972554,601249,283214,24341,6729,276,140,21
2015-01-30,6992850,599372,282674,24274,6795,280,179,21
2015-02-01,6980002,599125,282060,24262,6777,279,180,22
2015-02-03,6998642,600058,282058,24236,6832,277,179,22
2015-02-05,7005328,599472,283182,24313,6845,279,179,21
2015-02-07,7006349,600748,284256,24360,6782,284,174,21
2015-02-09,7010831,602095,284370,24254,6759,286,185,21
2015-02-11,7006604,601596,284119,24258,6755,285,178,21
2015-02-13,7015578,602482,284849,24331,6737,291,184,21
2015-02-15,7017020,601187,284445,24291,6656,291,182,21
2015-02-17,7023168,603689,284681,24312,6721,294,182,21
2015-02-19,7026672,602224,285426,24381,6650,297,175,21
2015-02-21,7031979,602273,285769,24449,6690,297,167,21
2015-02-23,7029566,602318,285253,24425,6730,296,166,21
2015-02-25,7033631,602368,285855,24493,6993,309,176,20
2015-02-27,7053801,604268,288145,24681,7121,302,160,20
2015-03-01,7254707,604083,287883,24713,7117,305,148,20
2015-03-03,7260937,605029,288081,24714,7113,303,147,21
2015-03-05,7263549,605707,288404,24805,7150,318,155,7
2015-03-07,7266570,604528,288872,24716,7181,316,156,6
2015-03-09,7270151,604262,289355,24771,7121,319,156,6
2015-03-11,7268938,604387,289728,24881,7166,320,158,8
2015-03-13,7282543,606032,291627,25089,7122,320,154,6
2015-03-15,7280966,606115,291291,25089,7127,319,153,6
2015-03-17,7073743,604802,291667,25113,7076,319,153,6
2015-03-19,7293450,606962,291532,25055,7071,312,150,6
2015-03-21,7294620,606728,294203,25239,7166,304,153,6
2015-03-23,7302936,607412,294269,25383,7156,302,153,5
2015-03-25,6778489,609000,271824,25151,6899,304,158,6
2015-03-27,7311334,609151,295784,25348,7070,308,159,6
2015-03-29,7101582,609132,295911,25364,7136,307,156,6
2015-03-31,7103735,608872,296113,25508,7135,308,161,6
2015-04-02,7110583,610756,296342,25425,7090,320,158,6
2015-04-04,7116866,612434,296485,25448,7177,324,157,6
2015-04-06,7116262,612486,296767,25463,7173,322,159,6
2015-04-08,7117381,611910,296677,25503,7167,326,161,5
2015-04-10,7121750,612421,297062,25578,7232,322,167,5
2015-04-12,7117850,612056,318794,25596,7268,318,167,5
2015-04-14,7119452,612532,319039,25631,7265,320,167,5
2015-04-16,7658958,612965,319214,25769,7198,308,168,7
2015-04-18,7668019,613698,320454,25868,7330,332,167,6
2015-04-20,7665763,613485,319930,25686,7367,322,164,6
2015-04-22,7679420,610237,320909,25752,7599,323,166,6
2015-04-24,7741529,613449,320145,25736,7645,324,190,6
2015-04-26,7691631,610443,320845,25803,7617,307,176,6
2015-04-28,7697969,611079,321793,25894,7661,319,172,6
2015-04-30,8236633,610392,322259,25878,7635,314,171,7
2015-05-02,8243626,610788,322516,25963,7740,318,175,4
2015-05-04,8243902,611528,322214,25919,7730,314,175,7
2015-05-06,8244614,611522,322971,25993,7471,312,174,5
2015-05-08,8257727,613143,323760,26057,7402,315,177,5
2015-05-10,8248223,613724,323537,26084,7049,324,179,5
2015-05-12,8254547,611485,322949,25993,7105,324,178,4
2015-05-14,8268022,613462,319812,25823,7121,322,180,4
2015-05-16,8271859,613901,320394,25868,7110,324,180,4
2015-05-18,8271509,613916,320695,25886,7121,321,180,4
2015-05-20,8297505,618549,321041,25843,7237,325,175,4
2015-05-22,8297378,619267,321540,25890,7251,315,177,5
2015-05-24,8302841,619541,321840,25888,7250,329,171,5
2015-05-26,8290650,620309,321789,25859,7199,332,172,5
2015-05-28,8308591,622703,322087,25908,7042,333,178,7
2015-05-30,8313184,622632,321400,25879,7002,338,177,4
2015-06-01,7734611,620233,321289,25883,6981,336,179,4
2015-06-03,8316171,623531,324770,26119,7103,322,156,12
2015-06-05,7772042,617815,300921,26090,6750,320,170,12
2015-06-07,8325626,621372,324257,26089,7133,316,171,12
2015-06-09,8341960,621622,324576,26131,7044,313,170,12
2015-06-11,8342515,621906,325317,26205,7093,321,171,11
2015-06-13,8353521,621904,326569,26209,7068,325,170,11
2015-06-15,8356460,622689,326538,26278,7065,329,169,11
2015-06-17,8350563,622773,326844,26313,7009,332,176,11
2015-06-19,8361072,623422,327274,26364,7199,339,170,10
2015-06-21,8355457,621490,327392,26304,7190,344,170,10
2015-06-23,8359478,623901,327570,26400,7181,341,170,10
2015-06-25,8373287,627122,329647,26489,7282,347,174,10
2015-06-27,8383006,627874,330545,26564,7230,345,175,10
2015-06-29,8385444,628097,330636,26557,7195,345,174,10
2015-07-01,3984844,608960,166010,26031,6642,212,173,21
2015-07-03,8373071,627832,331943,26637,7243,339,182,10
2015-07-05,8378055,627911,332356,26675,7275,337,184,10
2015-07-07,8379936,625622,332417,26531,7220,340,187,10
2015-07-09,8397547,629115,333740,26520,7171,334,190,10
2015-07-11,8400408,629690,334359,26661,7116,335,186,11
2015-07-13,8402220,629867,333689,26613,7194,334,185,11
2015-07-15,8385532,630162,334264,26693,7215,330,189,11
2015-07-17,8386050,629964,334239,26758,7132,340,187,11
2015-07-19,8393414,629955,335700,26810,7082,335,186,12
2015-07-21,8400285,631009,336519,26866,7097,329,187,13
2015-07-23,8413370,634478,338377,26937,7210,312,190,12
2015-07-25,8408507,634144,338944,27006,6921,309,189,13
2015-07-27,8406688,634078,338844,27049,6965,309,190,13
2015-07-29,8411154,631759,338182,27109,6960,311,185,12
2015-07-31,8408310,631243,338418,27104,6914,317,188,14
2015-08-02,8419175,631480,339885,27158,6980,316,188,14
2015-08-04,8422356,632226,339997,27160,7269,315,192,14
2015-08-06,8430207,632909,339515,27182,6980,318,189,14
2015-08-08,8444874,634475,340737,27421,6996,324,182,14
2015-08-10,8445542,634251,340904,27423,7008,323,187,14
2015-08-12,8456119,634923,340704,27267,7028,322,185,13
2015-08-14,8467346,635390,341250,27368,6979,318,187,17
2015-08-16,8463290,634753,342002,27443,7064,323,189,16
2015-08-18,8474536,638833,342013,27451,7043,316,190,16
2015-08-20,8494275,639774,343539,27558,7009,317,189,16
2015-08-22,8490537,639268,344316,27640,7084,334,187,16
2015-08-24,8481677,638667,344509,27653,7036,336,188,16
2015-08-26,8491579,640208,345708,27772,7104,339,192,17
2015-08-28,8512191,638596,346041,27758,7063,340,190,15
2015-08-30,8514081,638687,347136,27907,7077,349,189,15
2015-09-01,7387618,637025,321916,27910,6806,346,191,15
2015-09-03,8512985,638866,347607,27846,7104,354,188,15
2015-09-05,8524179,641747,348450,28041,7032,356,186,15
2015-09-07,8528585,641944,348268,28025,7100,357,188,15
2015-09-09,8524994,641234,348278,28037,7088,355,184,15
2015-09-11,8535755,640544,348734,27920,7046,361,181,14
2015-09-13,7959279,626385,323929,27692,6794,249,179,14
2015-09-15,8527251,638442,349047,27742,7028,363,182,14
2015-09-17,8534465,638750,350271,27950,7051,355,187,15
2015-09-19,8538556,639372,350816,27985,7060,350,202,17
2015-09-21,8545860,639494,350830,27972,7107,347,201,17
2015-09-23,8551585,640219,350024,27946,7043,355,200,16
2015-09-25,8556260,644048,351937,28094,7069,357,199,14
2015-09-27,8561092,640655,352768,28142,7102,361,199,12
2015-09-29,8050057,639398,352775,28183,6849,359,195,14
2015-10-01,7443170,640445,327638,28220,6804,348,200,14
2015-10-03,8572262,642126,354152,28270,7083,359,204,14
2015-10-05,8573002,642127,354291,28224,7083,358,204,14
2015-10-07,8578179,641037,355740,28350,7082,360,203,16
2015-10-09,8580225,641860,357243,28618,7162,347,204,17
2015-10-11,8570267,640033,358025,28577,7152,361,201,17
2015-10-13,8568155,640197,359912,28718,7151,362,207,17
2015-10-15,8594497,644365,361155,28842,7204,366,208,18
2015-10-17,8594187,644407,361780,28825,7201,366,204,15
2015-10-19,8601623,644962,361053,28836,7194,368,204,15
2015-10-21,8058407,644400,336616,28961,7192,369,208,16
2015-10-23,8605786,644526,362066,28986,7193,361,212,17
2015-10-25,8606237,643457,362845,29033,7223,366,215,17
2015-10-27,8609335,644341,359636,29065,7232,361,213,20
2015-10-29,8634005,646454,363560,29097,7360,402,214,14
2015-10-31,8660174,645927,364248,29155,7329,395,214,18
2015-11-02,8675069,646208,364971,29200,7318,400,214,16
2015-11-04,8673304,646890,365762,29311,7370,402,212,16
2015-11-06,8675271,648097,362833,29043,7395,381,210,23
2015-11-08,8671446,647373,363144,29054,8408,380,208,23
2015-11-10,8673267,646769,363872,29204,7623,379,209,23
2015-11-12,8671855,646439,364661,29201,7495,379,209,23
2015-11-14,8683632,646407,364691,29283,7434,379,211,23
2015-11-16,8685127,646729,364710,29202,7475,380,215,23
2015-11-18,8690975,646899,364587,29290,7459,381,215,18
2015-11-20,8698966,648188,365020,29350,7598,377,225,22
2015-11-22,13949422,650376,551223,29363,7661,384,224,22
2015-11-24,12227464,650535,499138,29433,7172,379,334,28
2015-11-26,11108162,652389,474811,29453,7252,376,211,28
2015-11-28,9902712,654833,393853,29501,7306,380,208,28
2015-11-30,9911928,654662,393977,29429,7558,377,208,28
2015-12-02,9362117,652505,369185,29515,7281,375,208,30
2015-12-04,8768367,651855,367900,29615,7164,375,206,30
2015-12-06,8765221,650874,368346,29656,7111,374,210,30
2015-12-08,8778012,655270,368869,29686,7160,374,210,30
2015-12-10,8804695,661574,370523,29879,7127,384,222,35
2015-12-12,8780288,663250,371839,30152,7252,496,219,34
2015-12-14,8784830,663389,372023,30160,7236,499,220,34
2015-12-16,8790266,663464,372338,30217,7325,387,221,34
2015-12-18,8795991,663832,374097,30269,7436,360,219,34
2015-12-20,8796602,663676,374561,30386,7355,354,219,34
2015-12-22,8806987,664456,375464,31183,7462,357,220,34
2015-12-24,8810860,664718,376709,31170,7347,356,202,35
2015-12-26,8815088,664813,376499,31215,7349,357,211,36
2015-12-28,8816471,665092,376060,31124,7332,356,211,36
2015-12-30,8838923,665625,377507,31302,7340,362,211,35
2016-01-01,8840717,665552,377706,31287,7549,367,208,35
2016-01-03,8844014,666177,377921,31314,7423,366,208,36
2016-01-05,8843763,667920,377437,31051,7382,356,213,37
2016-01-07,8857868,669810,379373,31312,7462,363,210,36
2016-01-09,8865833,670401,379093,31183,7611,365,212,36
2016-01-11,8868925,670350,379085,31154,7645,361,209,36
2016-01-13,8879769,670718,380112,31156,8208,363,210,35
2016-01-15,8881356,670973,381956,31338,8106,361,211,36
2016-01-17,8879073,670615,382031,31361,7768,363,211,36
2016-01-19,8892760,670254,380687,30464,7839,361,211,36
2016-01-21,8898971,676697,381765,30563,7858,358,212,36
2016-01-23,8900595,682241,383185,30699,7645,362,207,36
2016-01-25,8888509,676969,383767,30802,7491,367,205,36
2016-01-27,8895383,677716,384637,30876,7648,413,208,33
2016-01-29,8911765,676736,385809,30929,7817,405,210,33
2016-01-31,8907608,677154,385859,30905,7718,401,208,34
2016-02-02,8932361,695181,388574,31438,7670,403,208,34
2016-02-04,8935367,692731,388975,31477,7899,416,204,28
2016-02-06,8937441,693999,390709,31530,7575,412,206,32
2016-02-08,8947045,694677,390673,31480,7695,417,207,32
2016-02-10,8948906,694175,391377,31564,7790,417,205,32
2016-02-12,8383671,695591,362722,31608,7830,412,206,31
2016-02-14,8973888,694642,390729,31563,7922,429,207,31
2016-02-16,8984729,697067,391425,31657,8057,430,205,31
2016-02-18,8984201,694798,390184,31451,8349,430,207,31
2016-02-20,9006327,699093,393461,31550,8394,433,205,31
2016-02-22,9009008,699632,393718,31569,8416,435,204,31
2016-02-24,9011461,699244,394867,31743,8309,436,203,31
2016-02-26,9026614,702202,395959,31872,7949,437,208,31
2016-02-28,9038165,703573,396673,31831,8128,444,206,29
2016-03-01,9033470,704688,396200,31888,8281,442,207,30
2016-03-03,9038903,705638,396909,31948,8278,441,208,31
2016-03-05,9037509,683573,398139,32685,7972,440,211,30
2016-03-07,9061293,687186,398860,32798,7980,799,209,31
2016-03-09,9053580,683755,427657,33182,8008,800,209,31
2016-03-11,9055083,685101,426074,33103,7928,794,207,30
2016-03-13,9148299,683712,426823,33061,8132,794,210,30
2016-03-15,9097056,684717,427428,33049,8079,793,205,30
2016-03-17,9113770,687205,428356,33150,8374,787,214,28
2016-03-19,9147957,687753,428947,33193,8164,784,212,31
2016-03-21,9152986,691997,428686,33159,8147,784,212,31
2016-03-23,9232687,693379,428902,33161,8060,786,212,30
2016-03-25,9239417,688792,439069,33491,53588,786,221,30
2016-03-27,9245870,688894,439318,33499,46344,789,219,31
2016-03-29,9247376,689602,439393,33504,7936,787,216,31
2016-03-31,9260097,692296,441529,33659,8007,780,212,32
2016-04-02,9268384,695705,441701,33784,8011,787,212,32
2016-04-04,9267111,693290,441768,33777,7981,639,212,32
2016-04-06,9283966,702340,444300,35447,8003,718,209,32
2016-04-08,9278698,694137,446379,35573,7935,622,208,35
2016-04-10,9279885,695535,447077,35704,7925,619,207,35
2016-04-12,9261162,697438,447236,35814,7939,276,208,33
2016-04-14,9284343,709612,445952,34352,7809,283,205,33
2016-04-16,9301158,712948,446330,34375,7952,286,216,33
2016-04-18,9303885,712883,446462,34408,7941,281,216,34
2016-04-20,9298878,711934,446649,34346,7922,277,214,35
2016-04-22,9329108,712247,447295,34479,7918,302,209,32
2016-04-24,9333223,712575,447700,34553,7946,356,213,35
2016-04-26,9338028,712108,447966,34580,7956,354,209,35
2016-04-28,9336663,711988,448849,34603,7926,360,206,33
2016-04-30,9347592,712639,449731,34794,8155,366,208,30
2016-05-02,9334705,709376,448605,34289,8156,278,208,31
2016-05-04,9289789,721243,448539,34271,8852,626,211,29
2016-05-06,9284195,715223,451069,34543,8023,623,214,30
2016-05-08,9249426,692745,450984,34504,8043,625,215,29
2016-05-10,9245028,692163,451872,34464,7784,615,227,29
2016-05-12,9265270,692550,451947,34502,7853,628,223,27
2016-05-14,9263862,693293,452894,34617,7774,614,224,31
2016-05-16,9262522,692627,453417,34813,7588,618,224,31
2016-05-18,9229269,690895,452910,34890,7492,614,224,31
2016-05-20,9236722,693557,464353,46654,7601,598,223,31
2016-05-22,9236007,692008,455278,35009,7631,606,223,31
2016-05-24,9230150,690301,456545,35003,7628,610,210,31
2016-05-26,9236432,691036,467454,44267,7605,610,223,31
2016-05-28,9247523,695599,468916,44384,7293,794,224,31
2016-05-30,9239915,695191,467496,44255,7223,787,220,31
2016-06-01,9247662,692864,469616,44380,7306,802,221,31
2016-06-03,9260262,693547,462202,35395,7400,802,223,28
2016-06-05,9269476,694485,462138,35447,7432,799,207,31
2016-06-07,9265745,695246,462411,35350,7257,799,204,31
2016-06-09,9274301,696593,464641,35532,7322,790,208,31
2016-06-11,9283691,697991,466406,35646,7490,794,208,32
2016-06-13,9303098,699039,466596,35660,7559,790,211,32
2016-06-15,9306384,710487,467939,35710,7791,800,208,32
2016-06-17,9362607,710536,468957,35845,7865,802,213,31
2016-06-19,9360726,709322,466471,35680,7685,813,209,25
2016-06-21,9345929,698018,467974,35789,7618,800,208,31
2016-06-23,9362008,700604,469739,35818,7605,815,214,25
2016-06-25,9376441,701636,471063,35890,7759,811,211,31
2016-06-27,9379873,701914,470797,35890,7800,809,223,32
2016-06-29,9982268,701827,506393,36248,7891,818,216,32
2016-07-01,10000243,703400,506862,36386,8029,839,222,31
2016-07-03,10013577,704596,507258,36406,7991,807,224,31
2016-07-05,9999603,698903,507158,36262,7923,802,223,31
2016-07-07,10010719,698913,509083,36518,7777,805,228,32
2016-07-09,10016856,704331,508442,36417,8437,814,226,32
2016-07-11,10021606,705865,510409,36527,8332,819,231,32
2016-07-13,10021019,705500,512378,36674,8087,817,226,31
2016-07-15,10017073,706744,514004,36742,8888,810,229,30
2016-07-17,10019091,707557,514366,36715,8953,804,254,30
2016-07-19,9967372,707401,513824,36784,8758,808,233,30
2016-07-21,10070223,706563,515480,36832,8539,810,241,27
2016-07-23,9459408,705927,485060,36982,8409,827,239,25
2016-07-25,9461254,709045,485001,37066,8500,824,240,25
2016-07-27,9450785,705810,500481,37101,8410,824,227,25
2016-07-29,9448043,706135,500819,37176,9450,826,235,25
2016-07-31,9446980,707072,505376,37194,9283,818,238,30
2016-08-02,9439378,704363,505625,37278,9577,822,237,28
2016-08-04,10071510,706281,539966,37364,9657,829,242,20
2016-08-06,10077591,709162,541006,37441,9576,822,247,23
2016-08-08,10081082,709221,540767,37425,9664,823,249,23
2016-08-10,10084549,709638,542122,37544,9246,821,246,23
2016-08-12,10054249,710591,542750,37704,9762,831,237,19
2016-08-14,10073220,712697,544032,37766,9742,823,245,25
2016-08-16,10078314,712427,543981,37738,9580,494,237,25
2016-08-18,10084523,713777,545124,37828,9856,499,238,25
2016-08-20,10086100,713174,548008,37959,9939,495,238,26
2016-08-22,10093283,713648,548568,38000,9899,496,237,26
2016-08-24,10098610,714540,548711,37979,9552,481,243,26
2016-08-26,9521777,709849,530770,38011,9537,484,242,26
2016-08-28,9520714,709872,531667,38075,9808,495,239,26
2016-08-30,9526660,711300,531853,38157,9714,484,241,26
2016-09-01,9530074,712204,531013,38113,9605,494,236,26
2016-09-03,9542651,709990,533511,38265,9773,492,231,26
2016-09-05,9544056,709899,533653,38290,9843,486,230,27
2016-09-07,9548040,711056,534839,38304,9850,493,232,27
2016-09-09,9536656,710449,535797,38380,9816,495,232,27
2016-09-11,9538513,709851,536810,38335,9794,495,230,27
2016-09-13,9543179,711892,537550,38375,10012,499,230,27
2016-09-15,9528307,711702,538984,38477,9924,504,238,26
2016-09-17,9514859,708433,539475,38519,9729,499,225,26
2016-09-19,9414125,708810,507253,38512,9897,500,225,26
2016-09-21,9428028,709455,508461,38600,9844,264,227,26
2016-09-23,8182277,709131,441685,38239,9898,262,227,25
2016-09-25,8160544,691832,441240,37626,8919,255,226,28
2016-09-27,6919464,691922,375387,37674,9156,257,226,28
2016-09-29,8931859,710272,512080,39125,9826,423,230,28
2016-10-01,9543611,711700,545349,39133,9796,447,234,29
2016-10-03,8910397,710336,509487,39098,9681,441,239,28
2016-10-05,8904030,710658,514423,39460,9490,446,238,28
2016-10-07,9523014,711164,549597,39439,9531,439,245,31
2016-10-09,9523862,715278,535880,39487,9616,443,249,32
2016-10-11,9529044,716054,535884,39460,9588,445,255,31
2016-10-13,9535769,716889,536047,39432,9897,444,233,31
2016-10-15,9534876,717481,534649,39495,9730,449,241,31
2016-10-17,9529324,716593,534592,39506,9782,472,236,31
2016-10-19,9539128,718231,535544,39584,9475,470,242,31
2016-10-21,9534788,717700,535837,39574,8513,476,291,31
2016-10-23,9543808,718974,516448,39646,8614,484,289,30
2016-10-25,9576274,720805,536466,39693,8475,480,294,31
2016-10-27,10216390,723937,571761,39787,8800,487,289,27
2016-10-29,9664181,723670,539582,39804,8622,450,289,27
2016-10-31,9653551,724780,538744,39794,8675,430,284,27
2016-11-02,10268127,723063,574758,39925,8612,429,279,27
2016-11-04,10261306,723711,574778,39906,9060,436,276,27
2016-11-06,10265945,722589,575320,40189,8580,409,285,20
2016-11-08,10267197,722949,576312,40238,8631,410,283,27
2016-11-10,10261339,722545,542716,40181,8694,306,285,28
2016-11-12,10270958,724092,544030,40301,8680,308,278,28
2016-11-14,10271309,724249,543435,40293,8653,312,276,28
2016-11-16,10293634,724640,544135,40313,8689,311,277,30
2016-11-18,10299878,725750,545700,40452,8659,313,268,30
2016-11-20,10310875,732681,545070,40365,8768,315,266,30
2016-11-22,10310112,733434,545850,40368,8786,307,269,30
2016-11-24,10319263,734446,547230,40489,8496,315,275,30
2016-11-26,10316045,734432,547337,40605,8392,322,273,30
2016-11-28,10325329,735588,547780,40548,8449,318,275,30
2016-11-30,10327636,733427,546051,40694,8431,306,274,30
2016-12-02,10339792,734936,545798,40763,8500,299,276,30
2016-12-04,10344088,736326,547276,40815,8634,301,277,30
2016-12-06,10348358,736811,547674,40823,8518,304,277,30
2016-12-08,10357781,739661,548708,40784,8219,299,278,30
2016-12-10,10369628,739506,549201,40593,8380,294,276,29
2016-12-12,10375052,740067,550278,40867,8574,293,280,29
2016-12-14,10409944,742814,550854,40859,8884,289,287,30
2016-12-16,10412356,739248,552003,41053,8605,288,287,31
2016-12-18,10416097,738932,553205,41138,8398,286,288,31
2016-12-20,10418466,737981,552996,41128,8392,284,287,31
2016-12-22,10419881,735295,553890,41237,8375,290,284,31
2016-12-24,10427923,735718,554377,41313,8532,294,274,30
2016-12-26,10422888,735548,555236,41307,8535,293,286,31
2016-12-28,10436073,735904,538309,41334,8519,297,285,31
2016-12-30,10442532,736148,554704,41315,8462,296,287,31
2017-01-01,5352128,718416,273354,40562,8053,281,291,42
2017-01-03,10439696,736450,554517,41308,8243,294,285,31
2017-01-05,10453942,739038,555955,41625,8285,289,288,31
2017-01-07,10453459,739212,554588,41252,8275,291,277,29
2017-01-09,10453895,739299,554996,41273,8287,292,281,29
2017-01-11,9191678,736882,506778,41516,8292,291,284,29
2017-01-13,10463612,742648,560508,41652,8690,296,315,33
2017-01-15,10477429,744175,561768,41758,8661,296,313,33
2017-01-17,9866353,744646,527264,41826,8522,299,306,33
2017-01-19,9864282,753430,528952,41958,8680,306,318,29
2017-01-21,9895626,766893,531868,42114,8677,308,309,33
2017-01-23,9895428,767093,531586,42071,8731,311,313,33
2017-01-25,9905702,768095,531496,42076,8960,333,321,31
2017-01-27,9811718,767930,532461,42051,8874,332,320,31
2017-01-29,9813339,765630,533127,42175,8753,303,321,34
2017-01-31,9811024,765417,532656,42457,8693,293,323,34
2017-02-02,9920681,765992,536987,42202,9012,292,314,33
2017-02-04,9941133,774690,535964,42284,9067,279,307,34
2017-02-06,9947556,775004,536977,42344,8965,282,325,34
2017-02-08,9945461,774690,534764,42202,8983,306,328,34
2017-02-10,10579333,768800,572570,42422,8905,310,328,31
2017-02-12,10586140,769673,573258,42484,8756,314,325,30
2017-02-14,10583163,753244,576551,42690,9048,305,324,30
2017-02-16,10623704,773773,577175,42805,9689,310,321,32
2017-02-18,10645134,774774,578925,42820,9484,309,291,32
2017-02-20,10641945,774479,579036,42975,9463,307,290,32
2017-02-22,10632888,774274,579055,42992,9427,311,297,28
2017-02-24,10655410,775811,580789,43189,9719,322,303,30
2017-02-26,10655079,776258,582808,43477,9661,320,299,30
2017-02-28,10664968,777603,582935,43247,9858,318,298,30
2017-03-02,10664720,777048,593534,43550,9625,327,298,34
2017-03-04,10670985,778676,557055,43601,9771,313,295,34
2017-03-06,10558632,778999,548026,43642,9907,314,295,34
2017-03-08,10683633,779862,565037,44020,9993,334,326,33
2017-03-10,10700511,779171,565775,43533,9833,339,330,34
2017-03-12,10688985,779144,566257,43543,9917,338,328,29
2017-03-14,10654561,782479,566739,43626,10689,333,334,29
2017-03-16,10646834,779996,566007,43570,10724,365,332,29
2017-03-18,10674693,780873,567293,43699,9926,365,333,27
2017-03-20,10677182,781168,567121,43702,9827,367,324,25
2017-03-22,10675745,782042,607234,43826,9756,379,318,29
2017-03-24,10681742,782753,612018,44744,9738,376,316,29
2017-03-26,10688014,782940,612850,44760,9763,382,315,29
2017-03-28,10699752,783296,610097,44746,9863,372,319,30
2017-03-30,10684404,780217,610377,44455,9926,385,320,30
2017-04-01,10713920,783072,609654,44175,9991,411,328,26
2017-04-03,10718071,783327,609617,44184,10001,419,319,26
2017-04-05,10736113,785021,624442,44841,10005,418,384,29
2017-04-07,10306860,782100,586543,44346,10122,413,395,41
2017-04-09,10084361,781084,587290,44440,10033,405,397,41
2017-04-11,10092517,781342,588296,44533,10224,406,375,41
2017-04-13,10763604,785789,628452,45339,10082,430,377,30
2017-04-15,10770410,784296,629048,45310,10016,421,384,30
2017-04-17,10772261,783783,629218,45331,9842,407,387,30
2017-04-19,10777177,784419,629505,45309,9962,412,386,31
2017-04-21,10786457,786403,630049,45380,10004,419,391,33
2017-04-23,10788323,787347,633945,45620,9786,418,390,36
2017-04-25,10786220,785365,635636,45975,9703,405,411,30
2017-04-27,10798249,787612,636536,46037,9696,405,403,32
2017-04-29,10811335,785914,638868,46219,10053,403,395,35
2017-05-01,10814061,786380,639288,46271,10029,403,396,36
2017-05-03,10818403,785946,639569,46197,10022,406,404,35
2017-05-05,10835436,786406,641353,46286,9884,415,403,34
2017-05-07,10833502,786247,642118,46370,9910,416,401,34
2017-05-09,10841055,787123,642734,46418,9961,410,410,34
2017-05-11,10849700,788167,642882,46423,9985,412,412,36
2017-05-13,10848126,789084,644432,46680,9706,703,409,36
2017-05-15,10848700,789096,644377,46685,9685,677,414,41
2017-05-17,10850918,789440,645610,46954,9365,686,414,37
2017-05-19,10885978,789564,647711,49118,9169,686,417,38
2017-05-21,10914258,789653,647823,49080,9529,683,413,38
2017-05-23,10914096,790762,652957,50290,9383,710,416,42
2017-05-25,10907834,790375,653754,50341,9174,712,425,40
2017-05-27,10934754,796377,655245,51987,14425,697,507,35
2017-05-29,10932877,795976,655841,52597,14527,697,513,35
2017-05-31,10936167,796428,657139,53769,14544,699,513,36
2017-06-02,10943943,796602,657356,54028,14497,708,516,35
2017-06-04,10933715,792711,657675,54338,9409,706,404,40
2017-06-06,10950202,797115,661193,54859,9563,713,409,35
2017-06-08,10954744,797541,661945,54960,9547,718,406,34
2017-06-10,10956031,791854,664670,55173,9547,721,405,34
2017-06-12,10892677,797290,670258,55447,9536,723,404,33
2017-06-14,10897794,795124,672656,54542,9424,774,415,32
2017-06-16,10892514,795748,668435,50947,9345,777,418,27
2017-06-18,10897595,794847,669185,50053,9374,762,415,29
2017-06-20,10943318,794021,669854,51048,9167,757,421,31
2017-06-22,10970434,795942,677216,57216,9217,758,415,32
2017-06-24,10985653,796945,677590,56916,9216,761,415,34
2017-06-26,10986126,796874,677570,56901,9212,763,417,32
2017-06-28,10982053,791367,679421,57290,9043,763,420,36
2017-06-30,10991960,792225,681023,57415,9104,767,425,39
2017-07-02,10319201,790672,640927,57956,9364,765,424,34
2017-07-04,10936718,792583,668800,58399,9251,770,424,34
2017-07-06,10932685,792051,675086,59760,9070,772,428,36
2017-07-08,10940792,792403,676946,59575,9042,767,446,37
2017-07-10,10945404,792362,677154,59834,9075,768,449,36
2017-07-12,10949945,791981,674388,58058,8909,779,414,35
2017-07-14,10952002,792773,676551,58323,9126,775,406,41
2017-07-16,10971239,797012,678036,58589,9088,775,409,41
2017-07-18,10975713,794387,680189,58602,8978,830,409,41
2017-07-20,10972081,796801,680460,58827,9068,828,421,41
2017-07-22,10927590,799104,682030,58944,9064,823,419,41
2017-07-24,10931815,798840,681987,59061,10762,818,420,42
2017-07-26,10994563,801054,685139,59258,10868,846,390,42
2017-07-28,10996826,801867,685079,59536,10940,852,377,42
2017-07-30,10994992,797548,685359,59842,11050,855,409,42
2017-08-01,11004614,797999,687428,59882,11131,848,432,42
2017-08-03,11013421,794708,686462,59110,11347,813,425,42
2017-08-05,10320753,797341,643898,58960,9987,810,419,42
2017-08-07,10993880,797934,688116,59237,10936,812,433,41
2017-08-09,11024196,800826,688298,59335,11049,813,436,44
2017-08-11,10963563,800875,690549,59695,11038,814,428,42
2017-08-13,10958699,799917,691192,59764,11255,809,432,43
2017-08-15,10956443,795526,692254,59849,10963,544,437,41
2017-08-17,10948208,803038,690690,60284,10817,549,415,35
2017-08-19,10973290,803685,694188,60360,10966,547,426,42
2017-08-21,10967853,803102,692161,58868,10748,537,427,42
2017-08-23,14464897,803636,925601,60224,10714,549,421,42
2017-08-25,10978794,804901,695892,60779,10804,553,418,39
2017-08-27,10976636,801639,697079,61355,10827,551,424,42
2017-08-29,10252788,780196,693955,58496,9949,559,228,42
2017-08-31,10975005,801875,699244,61501,10543,564,434,40
2017-09-02,10959053,802298,701755,61684,10467,597,426,43
2017-09-04,10970057,803159,701689,61834,10508,599,431,43
2017-09-06,10975957,803666,702326,61486,10595,596,447,43
2017-09-08,11046723,804108,693812,52827,10818,595,446,49
2017-09-10,11098079,818621,695066,52983,11485,603,457,46
2017-09-12,11094978,816407,694860,52912,11466,615,451,32
2017-09-14,11119616,824649,697194,53107,11563,630,475,30
2017-09-16,11120187,826371,697094,52396,11285,645,469,30
2017-09-18,11116220,823449,698667,53201,11353,646,478,31
2017-09-20,11120550,823113,693075,50867,11604,764,504,28
2017-09-22,11095368,822733,694637,52749,11699,762,530,33
2017-09-24,10421309,810610,651225,50312,11289,492,528,340
2017-09-26,10430186,811930,652184,50409,11440,755,529,340
2017-09-28,11135463,830287,697503,52980,11833,784,541,340
2017-09-30,11143930,831658,698943,52948,11860,779,543,343
2017-10-02,11125801,813225,698761,53147,11878,782,539,344
2017-10-04,11143007,815091,702211,53356,11928,782,535,345
2017-10-06,11147371,818197,700915,53263,11875,786,533,342
2017-10-08,11160027,820341,707070,53577,11805,780,535,342
2017-10-10,11162846,823946,708894,53766,11825,790,535,342
2017-10-12,11176580,837688,709861,53851,11877,793,526,344
2017-10-14,11191307,846245,708228,53878,12059,787,534,345
2017-10-16,11152624,821655,707870,53794,12147,787,533,343
2017-10-18,11209458,850430,708932,53902,12404,803,533,342
2017-10-20,11213791,850522,709811,54030,12198,801,534,359
2017-10-22,11222339,853981,710476,54359,12161,807,528,359
2017-10-24,11198339,841458,710834,54302,11861,814,536,364
2017-10-26,11196269,836847,713719,54714,11302,553,528,363
2017-10-28,22392842,844540,1425760,54638,11637,790,523,366
2017-10-30,16347261,842713,1018150,54810,11763,818,516,366
2017-11-01,16209415,846569,1016772,54890,11685,829,525,366
2017-11-03,14088415,848713,902271,53712,11682,816,542,369
2017-11-05,11239751,847614,707657,53751,11736,813,537,369
2017-11-07,11194341,822740,712780,52955,11034,814,534,361
2017-11-09,11242969,847352,714202,53884,10882,814,544,369
2017-11-11,11264651,860247,715561,54053,10902,811,547,372
2017-11-13,11255860,849789,715601,54080,10848,864,554,371
2017-11-15,11257742,849431,716172,54102,11010,842,470,372
2017-11-17,11207933,824687,717485,53205,11040,770,474,376
2017-11-19,11226739,824876,717139,53013,10912,772,467,375
2017-11-21,11234180,826331,717769,53086,10871,791,469,375
2017-11-23,11231581,825649,719458,53046,10882,792,473,375
2017-11-25,11238280,827167,721419,53172,10811,788,478,376
2017-11-27,11243392,826802,721111,53148,10762,789,482,376
2017-11-29,11254366,827928,723338,53224,11012,787,481,375
2017-12-01,11261907,827992,724060,52062,11027,781,480,374
2017-12-03,11263590,828281,724132,52087,10981,786,485,374
2017-12-05,11273379,829798,726234,52241,11158,777,479,378
2017-12-07,11264296,829506,733173,52275,10749,775,429,380
2017-12-09,11262639,831760,735897,52467,10713,790,423,377
2017-12-11,11276146,831239,735832,52480,10791,788,418,377
2017-12-13,11311120,834584,737027,52621,10830,793,422,379
2017-12-15,11347243,835748,742096,53415,11556,798,423,379
2017-12-17,11338355,835243,743920,53514,11620,795,427,380
2017-12-19,11351998,836296,744697,53593,11996,799,429,380
2017-12-21,11344272,837609,745326,53684,11844,795,431,380
2017-12-23,11366564,839405,747958,53797,12024,803,417,380
2017-12-25,11356533,838121,748098,53697,11321,650,418,385
2017-12-27,11358691,837845,748071,53826,11295,791,431,385
2017-12-29,11355576,838996,747540,54001,11164,787,498,385
2017-12-31,11363653,836847,750786,54067,10673,770,505,385
2018-01-02,11357826,829382,753186,54209,10668,789,504,385
2018-01-04,11361367,833021,757727,54569,11008,796,506,385
2018-01-06,11351180,838480,763628,54590,10851,789,519,384
2018-01-08,11365433,838870,765512,55036,10829,785,514,384
2018-01-10,10689689,840177,720914,55057,10982,808,519,367
2018-01-12,10709801,841566,725437,55733,11064,809,520,367
2018-01-14,10649981,843064,702542,55415,10945,814,514,368
2018-01-16,10651711,843968,703521,55393,10970,812,515,369
2018-01-18,11340814,846147,748492,55036,11132,802,515,369
2018-01-20,11412572,847211,773521,55768,11253,809,513,371
2018-01-22,11415964,847701,773103,55735,11421,808,513,368
2018-01-24,11407890,847439,776011,55883,11245,669,515,377
2018-01-26,11429340,848547,778858,56077,11295,670,522,377
2018-01-28,11433366,848940,787484,58612,11477,1168,526,379
2018-01-30,11433957,850554,785747,57307,11380,1170,525,378
2018-02-01,11447414,852691,788805,56820,11672,1180,341,372
2018-02-03,12817572,855361,836275,56634,11794,667,518,384
2018-02-05,12827702,855017,835605,56627,12149,667,517,384
2018-02-07,12761994,834158,837484,56773,11798,680,518,377
2018-02-09,12771907,835034,838729,57516,11812,410,516,383
2018-02-11,12782428,836184,840355,57407,11724,675,512,381
2018-02-13,13503219,849736,886781,57457,11532,677,507,382
2018-02-15,12795659,838567,840031,57423,11840,430,511,377
2018-02-17,12801994,837734,840620,57382,11799,690,506,377
2018-02-19,12803285,837990,840321,57130,11770,696,505,374
2018-02-21,12808078,839425,840925,57163,12178,688,502,374
2018-02-23,12828309,837651,840838,57232,11696,694,497,374
2018-02-25,12828821,838518,841626,57259,11728,695,520,374
2018-02-27,12831785,838487,844438,57507,11746,700,520,376
2018-03-01,12194163,843777,795687,58528,11728,700,553,372
2018-03-03,12217588,852392,798518,58182,11943,725,553,383
2018-03-05,12191377,850860,799481,58515,11122,711,533,378
2018-03-07,12181770,840191,801453,58615,11167,713,527,370
2018-03-09,12189607,830090,803478,58754,11168,722,526,356
2018-03-11,12201134,833661,805128,58849,11103,725,529,348
2018-03-13,12210985,835534,808006,59066,11114,732,529,356
2018-03-15,12214000,835416,807323,59011,11158,727,528,356
2018-03-17,12216112,837876,809168,58216,11447,734,540,357
2018-03-19,12216300,834424,810316,59357,11326,740,540,356
2018-03-21,11514531,834159,763623,60494,9634,711,539,373
2018-03-23,12239287,837731,816028,60756,11059,517,526,380
2018-03-25,12254628,839983,818323,60972,11039,520,526,384
2018-03-27,12251694,838442,819501,60816,10917,546,527,377
2018-03-29,12257447,838854,820062,60705,11160,531,517,377
2018-03-31,12957733,839314,869083,61010,10695,811,419,46
2018-04-02,12939219,839343,870725,61060,10946,809,414,46
2018-04-04,12959903,839543,870682,61058,10820,813,411,46
2018-04-06,12977872,836636,871132,60595,10957,797,421,47
2018-04-08,12954231,829946,871603,60607,11429,797,427,45
2018-04-10,12992110,837199,872201,60706,11549,800,417,46
2018-04-12,12999223,838186,876508,61082,11696,797,417,43
2018-04-14,13025399,845995,885890,61364,12421,799,425,43
2018-04-16,13019939,839465,886441,61404,11027,800,424,43
2018-04-18,13025677,838285,887728,61497,10706,794,426,44
2018-04-20,13795307,859620,939597,59918,12285,796,423,48
2018-04-22,13803244,861626,940972,59953,12328,794,420,50
2018-04-24,13798614,860242,953453,60641,12316,787,427,47
2018-04-26,13807227,859517,951731,60877,12118,792,426,39
2018-04-28,13812706,864585,954599,60954,12307,446,301,43
2018-04-30,13822782,862434,954792,60938,12273,446,299,43
2018-05-02,13119516,860838,908314,61311,12096,443,297,46
2018-05-04,13126043,860447,912188,61496,12058,429,302,46
2018-05-06,13134807,860800,909932,61275,12206,431,304,46
2018-05-08,13134237,859585,909997,61500,11921,436,300,48
2018-05-10,13147647,855888,916087,62517,11970,442,300,46
2018-05-12,13110688,864735,911095,61604,11970,434,296,45
2018-05-14,13108150,862584,911422,61607,11964,423,299,46
2018-05-16,13171992,861476,903234,61054,11094,437,298,39
2018-05-18,13910509,867149,947742,61277,11999,441,306,41
2018-05-20,13908884,867181,946577,60576,12067,411,310,41
2018-05-22,13916973,859951,947785,60613,11976,416,302,39
2018-05-24,13915918,858072,951197,60779,11959,417,306,41
2018-05-26,13933863,861866,960777,61488,12217,415,305,39
2018-05-28,13929101,860192,978151,63782,12169,420,307,38
2018-05-30,13939616,870503,962343,61697,12215,425,308,37
2018-06-01,13212845,861105,913591,61245,11841,435,306,48
2018-06-03,13227679,865450,915648,61317,12490,424,307,49
2018-06-05,13954122,877180,970301,62075,13447,439,301,45
2018-06-07,13959734,878802,972014,62255,13740,422,302,45
2018-06-09,13989532,884004,972238,62367,14064,407,300,47
2018-06-11,13982787,880053,973167,62549,13901,399,298,50
2018-06-13,13991691,881854,974898,62619,13938,406,296,52
2018-06-15,14013961,913262,976986,62826,13915,454,299,45
2018-06-17,14011373,913423,979419,62902,13666,453,300,44
2018-06-19,14031332,912657,982761,63071,13867,450,299,44
2018-06-21,14020507,905235,987774,63396,13897,466,298,41
2018-06-23,13994838,904760,991081,63643,13883,473,297,41
2018-06-25,13995046,904813,992553,63756,13841,470,290,41
2018-06-27,14045115,914478,993434,63865,13776,476,290,38
2018-06-29,14045058,914830,993526,64018,13738,477,292,39
2018-07-01,14043412,922293,998742,64303,13686,475,300,42
2018-07-03,14043635,922428,997536,64740,13728,477,300,40
2018-07-05,14051704,914154,999658,64806,13754,490,299,41
2018-07-07,14029188,912363,1006787,65141,13852,529,280,38
2018-07-09,14018408,912010,1006418,65302,13795,607,295,37
2018-07-11,14068571,929061,1011358,65958,13826,430,297,36
2018-07-13,13552918,886517,957363,66213,13625,432,294,35
2018-07-15,13276783,875609,953141,66056,13503,426,292,43
2018-07-17,13306987,880374,955329,66280,13328,420,295,43
2018-07-19,13323284,872099,956874,66678,12039,453,306,42
2018-07-21,13316996,874126,956638,66746,12201,447,299,43
2018-07-23,14112882,929020,1016598,67050,12247,452,306,43
2018-07-25,14076836,928791,1015274,65588,12149,448,307,40
2018-07-27,14076628,929616,1018545,65853,12175,453,308,40
2018-07-29,14087758,930949,1019196,65927,12074,465,306,35
2018-07-31,14085895,930975,1014872,65716,12127,465,312,35
2018-08-02,14117899,931140,1017777,66039,11877,474,306,28
2018-08-04,14145379,925076,1023352,66232,12154,472,320,33
2018-08-06,14145379,923864,1018037,66059,12002,471,316,33
2018-08-08,14149619,926787,1023021,66189,12064,475,324,33
2018-08-10,14145373,926331,1024975,66368,12403,482,325,30
2018-08-12,14160687,928030,1027948,66513,12095,483,296,33
2018-08-14,14182717,942829,1026374,66464,12134,481,292,33
2018-08-16,14227579,974185,1029675,66396,12070,485,298,37
2018-08-18,14243352,979451,1034249,66767,12134,478,301,34
2018-08-20,14241624,979291,1036472,66903,12013,474,301,35
2018-08-22,14246004,979501,1041920,67653,12095,491,301,34
2018-08-24,14253754,979999,1045475,68585,12031,487,304,32
2018-08-26,14258315,980032,1050645,68744,12052,472,301,35
2018-08-28,14253377,979362,1055717,72870,12076,471,306,39
2018-08-30,14249069,989887,1057441,73099,12059,480,316,40
2018-09-01,14217258,955783,1056873,68739,11996,484,319,40
2018-09-03,14252878,987884,1062441,73417,11970,490,317,40
2018-09-05,14243843,977305,1064502,73818,11913,505,310,36
2018-09-07,14204619,944694,1057313,74119,11878,513,316,33
2018-09-09,14214025,944364,1067676,74350,11874,509,315,36
2018-09-11,14214328,945274,1065196,70807,12001,509,316,37
2018-09-13,14197126,941615,1057310,69481,11922,545,320,36
2018-09-15,14236549,943082,1061911,69770,12263,537,322,35
2018-09-17,14241167,942763,1062286,69651,12216,529,318,35
2018-09-19,14262304,945263,1068496,69912,12534,534,325,38
2018-09-21,14268620,946328,1072094,70243,12521,541,322,39
2018-09-23,14262047,946673,1073496,70326,12487,489,332,41
2018-09-25,14286060,947236,1074005,70364,12574,487,330,39
2018-09-27,14290826,949957,1078771,70779,12432,482,325,39
2018-09-29,14243041,951451,1084381,72134,12722,486,345,39
2018-10-01,14305573,949651,1085242,72220,12192,493,323,37
2018-10-03,14303718,949997,1090486,72599,12386,502,327,36
2018-10-05,13562785,949853,1032480,72575,10122,483,322,38
2018-10-07,14305600,949786,1095090,72873,12275,497,323,38
2018-10-09,13595685,947035,1037922,72912,12342,505,322,36
2018-10-11,12899773,949625,1044534,73573,12016,648,320,40
2018-10-13,12909901,948846,1042096,73957,12109,649,320,38
2018-10-15,12911112,950720,1047362,74135,12058,645,320,38
2018-10-17,12907002,950123,1050524,74344,12415,642,300,44
2018-10-19,12900336,950004,1047618,70444,12263,481,297,44
2018-10-21,13629702,950417,1110483,70549,12419,485,322,44
2018-10-23,13634545,950922,1111434,70653,13084,484,319,45
2018-10-25,13609847,925673,1111209,70556,12712,490,329,45
2018-10-27,13636160,926753,1122975,70754,12630,643,320,40
2018-10-29,12877975,926196,1058669,70777,12560,683,318,41
2018-10-31,12889178,921113,1055731,70667,12756,666,302,39
2018-11-02,13647505,921200,1121922,70934,12662,497,304,39
2018-11-04,13645192,921301,1121968,70586,12544,507,304,31
2018-11-06,13653989,922038,1121903,70507,12829,515,307,30
2018-11-08,13657172,920478,1122706,70715,12603,540,303,31
2018-11-10,13657537,919320,1122863,71019,12613,540,311,35
2018-11-12,13668461,919868,1125718,71276,12569,550,311,35
2018-11-14,13678729,917074,1130148,71300,12540,515,309,35
2018-11-16,13691708,918295,1131464,71406,12903,517,316,37
2018-11-18,13703208,918917,1134812,71570,10614,540,314,38
2018-11-20,13702043,919629,1136887,71787,10710,546,308,37
2018-11-22,13711956,919753,1141533,71849,10784,554,306,37
2018-11-24,13703655,918911,1144850,72070,10744,519,283,38
2018-11-26,12965724,919381,1081641,72066,16833,520,283,37
2018-11-28,13731943,921039,1146021,71675,12006,477,283,40
2018-11-30,13741099,921585,1147674,71955,11895,482,305,38
2018-12-02,13752048,922039,1149486,72174,12013,499,306,37
2018-12-04,13746851,921702,1148633,72120,12115,498,259,34
2018-12-06,13804032,964726,1151877,73221,12210,522,274,34
2018-12-08,13796661,959516,1152308,73464,12139,699,276,34
2018-12-10,13800172,959499,1154050,73548,12095,701,276,34
2018-12-12,13793040,960532,1144899,73605,10733,692,287,36
2018-12-14,13841113,970390,1156034,73831,10788,695,276,36
2018-12-16,13848022,969087,1158628,73886,10786,689,276,36
2018-12-18,13878208,970473,1157628,73867,10845,662,276,43
2018-12-20,13889688,971670,1164896,73981,10964,571,280,41
2018-12-22,13929003,957036,1163878,74072,11122,567,278,41
2018-12-24,13923764,939285,1167749,73794,10978,567,279,41
2018-12-26,13907239,927275,1167106,73856,10934,583,278,41
2018-12-28,13907566,927935,1173953,78055,10802,552,279,40
2018-12-30,13944672,960311,1173926,78282,10857,596,279,39
2019-01-01,13950973,961742,1177149,78406,10824,596,281,39
2019-01-03,13870756,961441,1164625,78344,10716,573,279,38
2019-01-05,13869418,960026,1177322,78365,11124,579,279,38
2019-01-07,13951128,960531,1180393,78595,11108,566,290,37
2019-01-09,13957425,957991,1180830,78870,18610,567,295,36
2019-01-11,13957416,958549,1182927,79085,18691,550,292,37
2019-01-13,13955713,957535,1183353,78753,18461,550,291,37
2019-01-15,13148873,909884,1117939,78768,18642,748,290,37
2019-01-17,13961453,957938,1184618,78891,18567,748,287,38
2019-01-19,13976142,958340,1190645,79425,18410,743,312,37
2019-01-21,13979318,956429,1191970,79449,18141,743,306,36
2019-01-23,13984761,957937,1192123,79518,18204,716,287,36
2019-01-25,13983324,958000,1200648,79991,18253,740,287,36
2019-01-27,14007459,958338,1200615,79977,18209,742,315,29
2019-01-29,14013681,959062,1197396,79876,18052,734,312,38
2019-01-31,14017075,959102,1198680,79916,18070,741,314,38
2019-02-02,14721482,958170,1250483,80016,18076,746,312,35
2019-02-04,14720592,958057,1253067,80085,18047,745,312,36
2019-02-06,14714369,956238,1253802,80381,18179,728,303,35
2019-02-08,14731117,959129,1253794,80436,18148,727,284,35
2019-02-10,14699792,927111,1255204,80434,17565,716,286,35
2019-02-12,14696425,926133,1256146,80973,17615,716,284,36
2019-02-14,14735707,958423,1264223,81461,17913,576,284,39
2019-02-16,14281629,959753,1164507,81248,17974,591,287,37
2019-02-18,13941582,959595,1166287,81367,18028,593,304,38
2019-02-20,13940614,960934,1166529,81293,17864,573,297,38
2019-02-22,13937606,954825,1169118,81704,12560,582,300,39
2019-02-24,13946536,955266,1169827,81791,12552,575,297,36
2019-02-26,14672763,957108,1168099,81536,12570,581,304,37
2019-02-28,14694618,956751,1172021,81709,12969,602,310,27
2019-03-02,14695742,956839,1174923,81757,12781,595,270,31
2019-03-04,14703007,957193,1175290,81799,12905,593,273,29
2019-03-06,14714783,958208,1174334,81843,12716,594,272,26
2019-03-08,15473131,959331,1244461,82367,11588,590,252,31
2019-03-10,15477616,958307,1245845,82284,11596,581,253,41
2019-03-12,15479748,958396,1245448,82432,11594,586,249,42
2019-03-14,15489085,958785,1248136,82594,11590,767,253,30
2019-03-16,15498578,958345,1236993,82639,11435,765,248,30
2019-03-18,15501555,958465,1237169,82637,12225,756,271,30
2019-03-20,15506674,958830,1239861,82779,12191,586,259,24
2019-03-22,15508137,957504,1244050,83028,12266,587,266,27
2019-03-24,15496382,958388,1175741,82116,11469,556,267,34
2019-03-26,16278816,960703,1316604,83080,12346,568,266,40
2019-03-28,16286651,961081,1314302,81556,12403,585,266,34
2019-03-30,16300233,961533,1318560,81810,12079,578,264,33
2019-04-01,16293990,960928,1318624,81752,12137,582,266,33
2019-04-03,16299198,960258,1323843,82126,12190,578,268,33
2019-04-05,16300806,958109,1326046,82251,12199,571,266,39
2019-04-07,16305864,957864,1324771,82305,11647,590,266,33
2019-04-09,16307955,958206,1332692,82674,11724,586,265,33
2019-04-11,16326005,959270,1337819,83008,11568,576,262,33
2019-04-13,16368213,961509,1343037,83569,11569,578,261,33
2019-04-15,16369890,961550,1344819,83306,11567,580,254,33
2019-04-17,16380004,962892,1342954,82983,11551,557,264,51
2019-04-19,16429907,967001,1348671,83361,11434,561,264,51
2019-04-21,16404337,962500,1345444,83655,11440,553,263,51
2019-04-23,16403580,963895,1344850,83304,11366,551,268,51
2019-04-25,16413973,965910,1348190,83640,11465,592,270,48
2019-04-27,16437204,966263,1352325,83730,11766,597,266,51
2019-04-29,16451755,966554,1353018,83797,11777,605,266,51
2019-05-01,16459261,967683,1354389,82836,11812,597,267,51
2019-05-03,16463435,968616,1353216,82894,11889,605,272,51
2019-05-05,16445861,968453,1352838,82888,11880,608,271,49
2019-05-07,16473240,968831,1352745,82977,12346,608,265,51
2019-05-09,16517058,969403,1354998,83293,11910,647,274,54
2019-05-11,16522485,967728,1353080,83594,11798,620,265,54
2019-05-13,16526660,967777,1353669,83594,11779,622,262,52
2019-05-15,16548312,968469,1356701,83793,11988,618,264,53
2019-05-17,16543603,968609,1357505,83761,11993,638,274,52
2019-05-19,16545021,969008,1360881,83913,12148,639,263,52
2019-05-21,16563717,970223,1364010,85226,12359,644,264,53
2019-05-23,16573237,971218,1366318,85397,12349,644,268,51
2019-05-25,16586992,970248,1365357,85386,12485,621,270,51
2019-05-27,16573867,969832,1366623,85469,12531,644,275,51
2019-05-29,16603416,972464,1369568,85668,12058,652,268,51
2019-05-31,16616678,973610,1370237,85782,12175,684,272,51
2019-06-02,16610904,969019,1373040,85664,11841,691,273,51
2019-06-04,16613467,973264,1375584,85803,11879,691,274,52
2019-06-06,16619241,973655,1378438,85999,11745,685,297,52
2019-06-08,16613070,972964,1383935,86197,11772,681,298,52
2019-06-10,16611121,972742,1382514,86178,11740,667,300,52
2019-06-12,16616277,973269,1384133,86157,11814,674,310,52
2019-06-14,16629316,973563,1385379,86079,11927,635,312,54
2019-06-16,16638538,974788,1388393,86195,11939,653,310,54
2019-06-18,16614532,968976,1391257,85409,11934,641,314,54
2019-06-20,16611504,968956,1395664,85563,11862,630,307,54
2019-06-22,16624759,969415,1394105,85369,11722,669,301,54
2019-06-24,16625653,969418,1393413,85222,11860,664,301,54
2019-06-26,16638692,970699,1397533,85466,11869,670,282,54
2019-06-28,18170812,970526,1542321,85330,11324,678,317,56
2019-06-30,18212187,970724,1546654,85821,11234,682,322,62
2019-07-02,18212318,970387,1543905,85692,11356,886,338,62
2019-07-04,18197113,970364,1546321,85672,11340,950,332,62
2019-07-06,18227206,970494,1546243,85680,11216,933,334,61
2019-07-08,18226546,970540,1543898,85469,11177,929,331,61
2019-07-10,18221238,970311,1548760,85738,10980,938,479,60
2019-07-12,18242654,968391,1553789,85943,11097,751,444,68
2019-07-14,18245749,968014,1551019,85721,11056,774,472,81
2019-07-16,18238462,967310,1554415,85963,11086,742,379,81
2019-07-18,18236590,968260,1558184,86122,11179,748,392,85
2019-07-20,18227525,968197,1488385,86221,11073,737,409,96
2019-07-22,18212227,967800,1488841,86254,11116,749,408,97
2019-07-24,18220024,956274,1491480,86438,11376,753,408,97
2019-07-26,18228361,957215,1566778,86602,11331,751,384,99
2019-07-28,18230716,957431,1568203,86730,11370,759,413,96
2019-07-30,18224774,957398,1571213,86872,11322,758,441,96
2019-08-01,18244904,957698,1579701,87371,11404,713,447,95
2019-08-03,18220038,924755,1580284,86902,11301,740,472,78
2019-08-05,18217602,924501,1580753,86652,11271,732,471,78
2019-08-07,18242535,924948,1587439,87791,11142,760,447,98
2019-08-09,18258559,925803,1590117,87972,10863,749,541,109
2019-08-11,18253887,924842,1590090,87890,10874,744,541,109
2019-08-13,18266960,924543,1592786,88049,10910,755,542,104
2019-08-15,18286215,924655,1591513,88154,10873,745,544,107
2019-08-17,17516453,918592,1555098,88318,10578,722,544,106
2019-08-19,17521477,919067,1558815,88495,10627,730,541,106
2019-08-21,17528673,919098,1558353,88551,10734,734,550,106
2019-08-23,17524046,919536,1559061,88599,10794,745,548,100
2019-08-25,17525592,919600,1560459,88682,10771,746,549,100
2019-08-27,17541189,919109,1561772,88774,10787,749,551,97
2019-08-29,17552592,919525,1569697,88017,10465,758,555,97
2019-08-31,17570517,919842,1579021,88628,10604,773,501,97
2019-09-02,17570069,919843,1580487,88662,10469,782,507,99
2019-09-04,17557428,918096,1572663,88425,10367,775,501,97
2019-09-06,17561925,918397,1575687,88665,10429,694,498,98
2019-09-08,17577454,923816,1577566,88576,10315,692,499,98
2019-09-10,15965548,921201,1424430,88144,9676,672,496,100
2019-09-12,16805641,922103,1510437,89019,10434,710,350,100
2019-09-14,16816695,923343,1512753,89848,10589,723,348,101
2019-09-16,16821369,923443,1514897,89942,10548,720,346,101
2019-09-18,16815169,922647,1514770,88793,10447,720,345,101
2019-09-20,16051608,922232,1447069,89229,10983,752,341,101
2019-09-22,16131863,921472,1444015,89420,10565,714,341,103
2019-09-24,16855160,923552,1525031,89818,11564,642,341,101
2019-09-26,17666340,925374,1612512,90627,11222,666,344,101
2019-09-28,17685754,926106,1609659,90061,11081,689,343,100
2019-09-30,17670819,925959,1609391,90057,11031,653,344,100
2019-10-02,17668480,925419,1612625,90247,10346,681,337,101
2019-10-04,17664233,924813,1609904,90119,10546,673,338,103
2019-10-06,17674749,925221,1609760,90047,11000,683,339,103
2019-10-08,17696864,925565,1614652,90263,10618,672,339,103
2019-10-10,17709417,938835,1606034,89768,14808,697,341,103
2019-10-12,17764806,958591,1615631,90271,10570,652,309,104
2019-10-14,17768613,958789,1614760,90220,10550,653,346,104
2019-10-16,17778798,959659,1619337,90533,10598,688,350,105
2019-10-18,17798913,958890,1623495,90956,11466,677,351,103
2019-10-20,17802550,959519,1623202,91113,11372,653,311,103
2019-10-22,17807824,959897,1628148,90935,11433,646,313,103
2019-10-24,17816448,963684,1620412,90627,11387,919,314,105
2019-10-26,17806138,964530,1629465,91084,11297,918,313,103
2019-10-28,17806977,961814,1627371,90985,10942,913,312,104
2019-10-30,17820457,958210,1631260,91210,10938,649,314,101
2019-11-01,17822570,952628,1629295,91004,11843,639,316,102
2019-11-03,17819516,957249,1629911,91023,11631,638,311,101
2019-11-05,17791155,956170,1633683,91222,12479,632,346,101
2019-11-07,17812438,957553,1636770,91439,11767,651,308,101
2019-11-09,17843646,958133,1632315,91436,12562,607,313,100
2019-11-11,17846436,958186,1632250,91367,12552,607,350,103
2019-11-13,17852357,956584,1630387,90731,12442,643,449,102
2019-11-15,17866269,958454,1632478,90766,12357,642,353,102
2019-11-17,17814746,956034,1631273,90765,12329,651,352,101
2019-11-19,17819785,956545,1622807,90238,12301,654,352,101
2019-11-21,17816153,958539,1627341,90721,12325,658,313,103
2019-11-23,17871854,961572,1633785,90851,11444,653,323,104
2019-11-25,17895110,965578,1628640,90558,12134,653,325,103
2019-11-27,17901992,965737,1619211,90071,12587,690,324,103
2019-11-29,17900705,964687,1627177,90273,12411,669,323,104
2019-12-01,17914046,965123,1630978,90547,12584,669,322,105
2019-12-03,17923339,965337,1631826,90688,12550,671,323,105
2019-12-05,17930689,964732,1634759,91040,12395,692,329,105
2019-12-07,17963060,964776,1638513,91026,12446,694,340,104
2019-12-09,17962320,964608,1639740,90924,12408,690,339,105
2019-12-11,17966518,964821,1639067,91041,11680,680,341,105
2019-12-13,17962739,964232,1641469,91288,12237,801,325,105
2019-12-15,17945771,963556,1647398,91592,12061,798,322,106
2019-12-17,17919413,938653,1649043,91699,12060,804,325,105
2019-12-19,17940473,938620,1651412,92005,12324,791,323,103
2019-12-21,18003690,964469,1698631,92130,12261,1021,321,107
2019-12-23,18001086,964180,1699857,92218,12295,1025,322,107
2019-12-25,18008739,966277,1706755,92698,12451,943,321,107
2019-12-27,18013503,966414,1706296,92708,12335,944,321,107
2019-12-29,18016976,965645,1706736,92760,12318,936,320,108
2019-12-31,18025124,966137,1708663,92798,12367,938,319,108
2020-01-02,18019170,965789,1708253,92818,12229,938,317,108
2020-01-04,18016952,966271,1709932,93006,12045,3836,457,107
2020-01-06,18020456,966588,1711239,93017,12131,934,480,108
2020-01-08,18027712,966562,1714594,93341,12196,937,492,107
2020-01-10,18044183,967126,1714070,93209,12461,946,317,107
2020-01-12,18035850,963053,1716771,93331,12543,935,318,107
2020-01-14,18036552,962371,1711831,93239,12547,1030,318,108
2020-01-16,18060256,963136,1712573,93369,13514,984,351,108
2020-01-18,18074485,964633,1724541,93892,13629,1006,354,108
2020-01-20,18082875,965316,1725216,94039,13660,1016,356,107
2020-01-22,18074448,965055,1725819,93821,13386,1013,351,108
2020-01-24,18092728,965664,1726649,93869,13323,995,360,107
2020-01-26,18098258,965360,1725196,93311,13316,994,354,107
2020-01-28,18105907,965904,1726549,93247,13320,994,352,106
2020-01-30,18115196,963039,1727729,93442,13350,988,320,107
2020-02-01,18093811,969461,1684972,93568,13350,1004,323,107
2020-02-03,18118092,969748,1732040,93665,13305,999,323,108
2020-02-05,18116742,969892,1732629,93761,13492,1003,359,107
2020-02-07,18133881,969734,1734069,93848,13359,999,357,108
2020-02-09,18134205,969693,1738181,94142,13136,1017,358,108
2020-02-11,18156322,970358,1740271,94312,13527,1015,357,108
2020-02-13,18177282,970254,1744697,95432,13462,1022,358,107
2020-02-15,18170412,971035,1743296,94430,13334,1004,371,108
2020-02-17,18172123,970970,1744188,94567,13326,1015,370,106
2020-02-19,18167317,971320,1744605,94565,13215,1030,357,106
2020-02-21,18186992,972015,1673267,95142,13218,804,355,106
2020-02-23,18192952,972307,1675992,96389,13278,804,354,106
2020-02-25,18208636,972859,1677648,96426,13239,764,349,106
2020-02-27,18184475,972392,1678895,96539,13273,732,322,106
2020-02-29,18205906,973036,1681567,96803,13348,725,326,106
